name,email
MXGFJFPN,mxgfjfpn@example.com
TWMGDGRE,twmgdgre@example.com
NWNINDKT,nwnindkt@example.com
BPUVEJFF,bpuvejff@example.com
MBRZYIFR,mbrzyifr@example.com
PMMKULSS,pmmkulss@example.com
PSYPOFPI,psypofpi@example.com
JQEXFNEI,jqexfnei@example.com
ZZKGOVSD,zzkgovsd@example.com
AEJRWNDG,aejrwndg@example.com
TDBLENRO,tdblenro@example.com
VJNIDGML,vjnidgml@example.com
NMISNIXN,nmisnixn@example.com
UGTTCNUU,ugttcnuu@example.com
OXNDPXIR,oxndpxir@example.com
VIDAVHFU,vidavhfu@example.com
QLZZOGTG,qlzzogtg@example.com
PKDYPGNG,pkdypgng@example.com
WFZYNVMX,wfzynvmx@example.com
CLYDKFLC,clydkflc@example.com
TUMTABJV,tumtabjv@example.com
NNAGFSHM,nnagfshm@example.com
ZSSWEASK,zssweask@example.com
COVFLKPS,covflkps@example.com
QKOVYPHM,qkovyphm@example.com
WXMOYGDV,wxmoygdv@example.com
FCNQDVWZ,fcnqdvwz@example.com
XCWZPKZF,xcwzpkzf@example.com
XORYZINA,xoryzina@example.com
ZPMISCWH,zpmiscwh@example.com
ZEWLFFNT,zewlffnt@example.com
WDWDVSYO,wdwdvsyo@example.com
HSUMZPNZ,hsumzpnz@example.com
CHDJLWED,chdjlwed@example.com
JDETVLPD,jdetvlpd@example.com
RJUCKGEK,rjuckgek@example.com
PVRMSNIF,pvrmsnif@example.com
UARBOKKG,uarbokkg@example.com
LKFRNQNP,lkfrnqnp@example.com
WMLKOMVT,wmlkomvt@example.com
QCVNMFVT,qcvnmfvt@example.com
UOQVWKIB,uoqvwkib@example.com
FQVSXBTK,fqvsxbtk@example.com
AVJRHVDR,avjrhvdr@example.com
BISUSKAJ,bisuskaj@example.com
IVXANCLY,ivxancly@example.com
CMKWOXSX,cmkwoxsx@example.com
JUMDQCIJ,jumdqcij@example.com
ZHYXHRBR,zhyxhrbr@example.com
EPPFRTOC,eppfrtoc@example.com
KQYROUUI,kqyrouui@example.com
JRPCNDPS,jrpcndps@example.com
NOPTTSLV,nopttslv@example.com
XGAMJCTL,xgamjctl@example.com
XMNVVUPM,xmnvvupm@example.com
JZNTLBJF,jzntlbjf@example.com
SIURUTFX,siurutfx@example.com
QMACRBSC,qmacrbsc@example.com
QIQKEUIY,qiqkeuiy@example.com
LUIEWSTZ,luiewstz@example.com
BPEUNHBO,bpeunhbo@example.com
KFGDPEQS,kfgdpeqs@example.com
PSOJKLXB,psojklxb@example.com
JBEJXYYB,jbejxyyb@example.com
QVQWEERC,qvqweerc@example.com
GLFGOBED,glfgobed@example.com
ZZCFVLLK,zzcfvllk@example.com
PVTPLZYQ,pvtplzyq@example.com
SQXSONVJ,sqxsonvj@example.com
CFXKMNIS,cfxkmnis@example.com
TOTXJXLZ,totxjxlz@example.com
AAQZHVQK,aaqzhvqk@example.com
PRFOPJNW,prfopjnw@example.com
QLTZQDMB,qltzqdmb@example.com
TJWDHSEQ,tjwdhseq@example.com
ROZKLNAY,rozklnay@example.com
XQEYJEGE,xqeyjege@example.com
UBCQOEBY,ubcqoeby@example.com
FQPYRAIJ,fqpyraij@example.com
CITCTDDN,citctddn@example.com
JHBVCYRF,jhbvcyrf@example.com
VIDBNFEQ,vidbnfeq@example.com
OUOVOJGM,ouovojgm@example.com
WSVZQPPW,wsvzqppw@example.com
SMSACQUE,smsacque@example.com
OMGVRRRN,omgvrrrn@example.com
IVRDTUEV,ivrdtuev@example.com
OGDHDQCT,ogdhdqct@example.com
VAPVIYPV,vapviypv@example.com
WENGEMTV,wengemtv@example.com
LMXEKQMO,lmxekqmo@example.com
BQEJKKRM,bqejkkrm@example.com
EYTDOUMW,eytdoumw@example.com
UXKJCPIQ,uxkjcpiq@example.com
ZXRYHSDB,zxryhsdb@example.com
HTMHFVQC,htmhfvqc@example.com
UUGQSMCV,uugqsmcv@example.com
IASBQXMN,iasbqxmn@example.com
PCFSHMFH,pcfshmfh@example.com
VLSGFGRA,vlsgfgra@example.com
QIDKIRXB,qidkirxb@example.com
QSSPYTUK,qsspytuk@example.com
ZMGNHAVT,zmgnhavt@example.com
RONPTLRZ,ronptlrz@example.com
GMNOBVAB,gmnobvab@example.com
WBHURFHD,wbhurfhd@example.com
LDJGQVXX,ldjgqvxx@example.com
LHOGJWHI,lhogjwhi@example.com
YGIHLVJL,ygihlvjl@example.com
KOMPMHWY,kompmhwy@example.com
NLWNOBIF,nlwnobif@example.com
ARYDKJRD,arydkjrd@example.com
GYWAWINZ,gywawinz@example.com
QYEEAXQR,qyeeaxqr@example.com
EDGZJJCZ,edgzjjcz@example.com
JIVFVZSH,jivfvzsh@example.com
FEUAXRUK,feuaxruk@example.com
QYMIPVUP,qymipvup@example.com
OZFXNLQN,ozfxnlqn@example.com
CKDOSFRN,ckdosfrn@example.com
IDJRECRW,idjrecrw@example.com
TUZCZCQQ,tuzczcqq@example.com
VHBTEJHF,vhbtejhf@example.com
KXSYVZQL,kxsyvzql@example.com
TNVLLRPP,tnvllrpp@example.com
NZWBJTFB,nzwbjtfb@example.com
SNLDIOKW,snldiokw@example.com
HFDIOKVO,hfdiokvo@example.com
IBHHRCPA,ibhhrcpa@example.com
UGFMRNNF,ugfmrnnf@example.com
WHJWMRIN,whjwmrin@example.com
XQVZTGOP,xqvztgop@example.com
QEADWPFE,qeadwpfe@example.com
KNKVDHSS,knkvdhss@example.com
DEOETZUZ,deoetzuz@example.com
DDJYRBJT,ddjyrbjt@example.com
HQMSRXUT,hqmsrxut@example.com
LEBCRQWM,lebcrqwm@example.com
OWQDOAKM,owqdoakm@example.com
NXITLKPG,nxitlkpg@example.com
AEYIOHQS,aeyiohqs@example.com
XJJFHXFH,xjjfhxfh@example.com
FVJPQMMP,fvjpqmmp@example.com
YFZHSMVW,yfzhsmvw@example.com
IGMGLCCK,igmglcck@example.com
JLQNZKSF,jlqnzksf@example.com
ZXBBCMEA,zxbbcmea@example.com
PIMOEEFU,pimoeefu@example.com
MUHJQOPR,muhjqopr@example.com
EPTAGIZM,eptagizm@example.com
PNKTAACE,pnktaace@example.com
FUUTXNJP,fuutxnjp@example.com
XAFEKFUH,xafekfuh@example.com
AARIDKQP,aaridkqp@example.com
OIEZOVWX,oiezovwx@example.com
KGEHODTE,kgehodte@example.com
WFGQVDCZ,wfgqvdcz@example.com
VPRXGOES,vprxgoes@example.com
LCTZYWSC,lctzywsc@example.com
KNHVCNFT,knhvcnft@example.com
WLZNAOXS,wlznaoxs@example.com
DTUTHJET,dtuthjet@example.com
DUHIUCQE,duhiucqe@example.com
BDTXGJHH,bdtxgjhh@example.com
UVGZVKWG,uvgzvkwg@example.com
NUNQLZYV,nunqlzyv@example.com
JMAUWMCM,jmauwmcm@example.com
FYPODGIT,fypodgit@example.com
RWLPPPCF,rwlpppcf@example.com
ISTPCVLA,istpcvla@example.com
DQXLDPYP,dqxldpyp@example.com
SBDREFHB,sbdrefhb@example.com
NDRLFFUP,ndrlffup@example.com
WADAGTPC,wadagtpc@example.com
IOFKQQLI,iofkqqli@example.com
DSREJRWQ,dsrejrwq@example.com
ULBGQYIT,ulbgqyit@example.com
TCZQPYNZ,tczqpynz@example.com
WDYILSII,wdyilsii@example.com
EJRMCSQN,ejrmcsqn@example.com
PRQLNXNA,prqlnxna@example.com
NTJCGPWY,ntjcgpwy@example.com
XGRMEXAA,xgrmexaa@example.com
NFRBMUCH,nfrbmuch@example.com
BRCUIOJN,brcuiojn@example.com
QEMVYGJZ,qemvygjz@example.com
URDOSGQL,urdosgql@example.com
CBFVJFBB,cbfvjfbb@example.com
GLBPWTQH,glbpwtqh@example.com
WXJCIEBO,wxjciebo@example.com
SQQXDKOW,sqqxdkow@example.com
YOIERMRR,yoiermrr@example.com
XMOMKOKC,xmomkokc@example.com
QLHPSUDR,qlhpsudr@example.com
TDTWYHAP,tdtwyhap@example.com
ZZUSQVTE,zzusqvte@example.com
XRDIQSYY,xrdiqsyy@example.com
CRZLONAW,crzlonaw@example.com
DESQPZBN,desqpzbn@example.com
CYZFIUKR,cyzfiukr@example.com
UIHULMJN,uihulmjn@example.com
BXYESGNI,bxyesgni@example.com
HYQJHMRQ,hyqjhmrq@example.com
VBRFSGVK,vbrfsgvk@example.com
BANSUNEW,bansunew@example.com
JYWUFSOL,jywufsol@example.com
RCPYNNSS,rcpynnss@example.com
QPZGLINT,qpzglint@example.com
OUWGUEQK,ouwgueqk@example.com
IHVWATRT,ihvwatrt@example.com
LNNZTRFF,lnnztrff@example.com
IJNBIALG,ijnbialg@example.com
KZZLNZZK,kzzlnzzk@example.com
DIXIOVWX,dixiovwx@example.com
QWIWGGLC,qwiwgglc@example.com
ASROGGVS,asroggvs@example.com
JVHBJFCE,jvhbjfce@example.com
ZLIUIBFQ,zliuibfq@example.com
DVVOVRAQ,dvvovraq@example.com
HPAFIHXA,hpafihxa@example.com
RSGRGBFM,rsgrgbfm@example.com
IIXPPFZT,iixppfzt@example.com
RCYOFVVK,rcyofvvk@example.com
XMBPIGHD,xmbpighd@example.com
PJZPDSDB,pjzpdsdb@example.com
PWMAMRFO,pwmamrfo@example.com
OVEOJZEQ,oveojzeq@example.com
QBMUEBEH,qbmuebeh@example.com
UKCRYRJF,ukcryrjf@example.com
RIHZUGUH,rihzuguh@example.com
JQXDPRWN,jqxdprwn@example.com
MSXFXUJH,msxfxujh@example.com
GZGTHBUX,gzgthbux@example.com
SVTURGNQ,svturgnq@example.com
DAHZJHIK,dahzjhik@example.com
AGMJFVOH,agmjfvoh@example.com
TMBWHKZO,tmbwhkzo@example.com
QMJDFXQN,qmjdfxqn@example.com
KDVPDFRY,kdvpdfry@example.com
RYYOOYVU,ryyooyvu@example.com
LQSSXQGG,lqssxqgg@example.com
VRJXATXK,vrjxatxk@example.com
DZQHFGEF,dzqhfgef@example.com
CLDVEZEA,cldvezea@example.com
NHYLIVMJ,nhylivmj@example.com
RDUKZXQY,rdukzxqy@example.com
CBUCZLXX,cbuczlxx@example.com
QTAOGSVK,qtaogsvk@example.com
KRRKZFJZ,krrkzfjz@example.com
XUDLYDZA,xudlydza@example.com
EFGDUCPV,efgducpv@example.com
EOQHCNEB,eoqhcneb@example.com
LGAJKRVL,lgajkrvl@example.com
ANXAHXUW,anxahxuw@example.com
PBEOCUPL,pbeocupl@example.com
MTSBTUXM,mtsbtuxm@example.com
IOWNPZXE,iownpzxe@example.com
IVMAVCER,ivmavcer@example.com
BGIXTIEW,bgixtiew@example.com
TULLPDGL,tullpdgl@example.com
CBXCQDEL,cbxcqdel@example.com
XZFASRLO,xzfasrlo@example.com
IBUVSATT,ibuvsatt@example.com
AJUHBRNZ,ajuhbrnz@example.com
YVXXAKOZ,yvxxakoz@example.com
EJZQCKTR,ejzqcktr@example.com
OZLZRQOY,ozlzrqoy@example.com
SDIJVBZE,sdijvbze@example.com
DJBEZRER,djbezrer@example.com
FCSXGRAG,fcsxgrag@example.com
CYEEZNQV,cyeeznqv@example.com
TYRKVDJP,tyrkvdjp@example.com
UVNFUMRZ,uvnfumrz@example.com
JYQIHSES,jyqihses@example.com
PPUSDKYB,ppusdkyb@example.com
LULNPUCE,lulnpuce@example.com
YMAGWNND,ymagwnnd@example.com
JOKGGDWD,jokggdwd@example.com
AWOMAHTY,awomahty@example.com
UWKNDPGT,uwkndpgt@example.com
GNKETMAB,gnketmab@example.com
IXLNGMGH,ixlngmgh@example.com
ITFECUDM,itfecudm@example.com
IDKNDPAL,idkndpal@example.com
AIXUPMMS,aixupmms@example.com
LGDTHAZH,lgdthazh@example.com
NRWGEETE,nrwgeete@example.com
ILYMPAEZ,ilympaez@example.com
IZLCHTKU,izlchtku@example.com
BPNETMZI,bpnetmzi@example.com
CKRNHNTX,ckrnhntx@example.com
YZVKGXXV,yzvkgxxv@example.com
HOOZHVSF,hoozhvsf@example.com
OJNNKPWP,ojnnkpwp@example.com
DZAWLRPU,dzawlrpu@example.com
LZSVAPYI,lzsvapyi@example.com
WAEEQADI,waeeqadi@example.com
EXSBFXHL,exsbfxhl@example.com
HVZYZGGS,hvzyzggs@example.com
MUYUYCEZ,muyuycez@example.com
KIOMIAWD,kiomiawd@example.com
YSDVHWUR,ysdvhwur@example.com
JYZCUVVU,jyzcuvvu@example.com
IZMZAOCL,izmzaocl@example.com
WWXPLOMT,wwxplomt@example.com
LIRMKCND,lirmkcnd@example.com
JHHHANSN,jhhhansn@example.com
MXLZZSBJ,mxlzzsbj@example.com
JPVBSIVZ,jpvbsivz@example.com
WJAVXYKY,wjavxyky@example.com
UJAEKUDI,ujaekudi@example.com
NZKZQXQT,nzkzqxqt@example.com
XXMSYSVC,xxmsysvc@example.com
IBGAUQQQ,ibgauqqq@example.com
OPADNZHV,opadnzhv@example.com
RCSJUECT,rcsjuect@example.com
HAAXBLMO,haaxblmo@example.com
QUMKSFKS,qumksfks@example.com
QSWGFDXZ,qswgfdxz@example.com
UBJMSJPF,ubjmsjpf@example.com
XVVMZZMG,xvvmzzmg@example.com
LTSRIETC,ltsrietc@example.com
MNONFWBG,mnonfwbg@example.com
VVSMKJAT,vvsmkjat@example.com
KWPYLXZI,kwpylxzi@example.com
QEOCQTSW,qeocqtsw@example.com
FJJVDWCU,fjjvdwcu@example.com
IBHLPTWQ,ibhlptwq@example.com
LZXVWIMT,lzxvwimt@example.com
MSOBTDNL,msobtdnl@example.com
QWQEYGYT,qwqeygyt@example.com
LGOQRKUL,lgoqrkul@example.com
QGLAOQYG,qglaoqyg@example.com
OINNAZFN,oinnazfn@example.com
IJVNVTRI,ijvnvtri@example.com
BKDIDSZM,bkdidszm@example.com
LYZXETJE,lyzxetje@example.com
KBQPLVQZ,kbqplvqz@example.com
HYZYMHGA,hyzymhga@example.com
QTETQIRH,qtetqirh@example.com
OZOIXCXC,ozoixcxc@example.com
ZDREYCLU,zdreyclu@example.com
GNHACBFY,gnhacbfy@example.com
MFWRXDJV,mfwrxdjv@example.com
QDILFXJG,qdilfxjg@example.com
KYSRDLSL,kysrdlsl@example.com
FAWBQOAK,fawbqoak@example.com
AGWOCBEE,agwocbee@example.com
VDORWSVL,vdorwsvl@example.com
RWXBNUXB,rwxbnuxb@example.com
QREBINFR,qrebinfr@example.com
JDZKJSRB,jdzkjsrb@example.com
JHYSEHTX,jhysehtx@example.com
LWKXMZWV,lwkxmzwv@example.com
AXKTNLKD,axktnlkd@example.com
DCMENXPX,dcmenxpx@example.com
UMOBSOVN,umobsovn@example.com
WGUICMVO,wguicmvo@example.com
DCVDPFOE,dcvdpfoe@example.com
BASFOVTA,basfovta@example.com
MLPCDMMP,mlpcdmmp@example.com
YSOONGLI,ysoongli@example.com
ADFXTUCZ,adfxtucz@example.com
RUJFXDAS,rujfxdas@example.com
LBTCSWMI,lbtcswmi@example.com
SBRKODCE,sbrkodce@example.com
SXWHPVGU,sxwhpvgu@example.com
ITAHPOIN,itahpoin@example.com
XMSHWMSQ,xmshwmsq@example.com
AMXBOTSV,amxbotsv@example.com
ZCNNFZYA,zcnnfzya@example.com
RRBCYYHR,rrbcyyhr@example.com
CIJWWTXT,cijwwtxt@example.com
TFWVSCVY,tfwvscvy@example.com
EDVVBYIB,edvvbyib@example.com
BEPTOQSC,beptoqsc@example.com
IXIILOFU,ixiilofu@example.com
YTSEJEDP,ytsejedp@example.com
LZLDZFEI,lzldzfei@example.com
ESZHSCPF,eszhscpf@example.com
DAFIOOLA,dafioola@example.com
YSDMCRTM,ysdmcrtm@example.com
ZZAQOSLF,zzaqoslf@example.com
QLKRHIYD,qlkrhiyd@example.com
RCLQRYHH,rclqryhh@example.com
JEHZMQBU,jehzmqbu@example.com
GCPBIRGX,gcpbirgx@example.com
XMUPSDXD,xmupsdxd@example.com
RTNQKTAJ,rtnqktaj@example.com
GQPJMPBZ,gqpjmpbz@example.com
ANYHEJUD,anyhejud@example.com
QRHGAKXW,qrhgakxw@example.com
NQFDSPUO,nqfdspuo@example.com
FVSFIIIA,fvsfiiia@example.com
NHRNNCZH,nhrnnczh@example.com
UHEAZIGV,uheazigv@example.com
GBPKGWAH,gbpkgwah@example.com
WRSJMAUP,wrsjmaup@example.com
WZEAPYGS,wzeapygs@example.com
GXJKLZUF,gxjklzuf@example.com
BUXNRXLW,buxnrxlw@example.com
UUHDFSNY,uuhdfsny@example.com
CMNEJZDU,cmnejzdu@example.com
HRECPXTN,hrecpxtn@example.com
EAMBIXQY,eambixqy@example.com
ORUEAZTK,orueaztk@example.com
GPGVFRCJ,gpgvfrcj@example.com
RDBGXRAI,rdbgxrai@example.com
VPYWEIAH,vpyweiah@example.com
ASEUPPCM,aseuppcm@example.com
EBNIYTBZ,ebniytbz@example.com
WGDTLHLH,wgdtlhlh@example.com
BOXUPASU,boxupasu@example.com
RQIETBBU,rqietbbu@example.com
AEEFAHYK,aeefahyk@example.com
IFSDPWSO,ifsdpwso@example.com
OZXALCOM,ozxalcom@example.com
IJYBJBOI,ijybjboi@example.com
IXKWSDFA,ixkwsdfa@example.com
USQJRCPZ,usqjrcpz@example.com
JZVUMPHF,jzvumphf@example.com
EAAVZHOI,eaavzhoi@example.com
YRZGEQXR,yrzgeqxr@example.com
NGBKYZXH,ngbkyzxh@example.com
ZGRIDHAT,zgridhat@example.com
SBOZHZDK,sbozhzdk@example.com
ZMLSGSMH,zmlsgsmh@example.com
BLUSVXUA,blusvxua@example.com
QHYMGJCO,qhymgjco@example.com
UVMQCKQG,uvmqckqg@example.com
XTWVNGZO,xtwvngzo@example.com
PGGKLYUG,pggklyug@example.com
YPWUXUPN,ypwuxupn@example.com
QVFXGEUD,qvfxgeud@example.com
HDDXURSZ,hddxursz@example.com
BLUKBVGR,blukbvgr@example.com
MLNVIAEH,mlnviaeh@example.com
MBAFQZCH,mbafqzch@example.com
AWSOJHNK,awsojhnk@example.com
BKAVFVJM,bkavfvjm@example.com
YWHKUFXT,ywhkufxt@example.com
PQWSRGUN,pqwsrgun@example.com
AKFJHPNW,akfjhpnw@example.com
IASAONJO,iasaonjo@example.com
AKARNBOO,akarnboo@example.com
ULGGKBWF,ulggkbwf@example.com
NVSMPOWA,nvsmpowa@example.com
ENNLNEKX,ennlnekx@example.com
OABFJBHV,oabfjbhv@example.com
YSQPXWLO,ysqpxwlo@example.com
XEROPSOG,xeropsog@example.com
TCIRUKKE,tcirukke@example.com
IMVPPNYX,imvppnyx@example.com
QXKMRHKY,qxkmrhky@example.com
EBRZTRVL,ebrztrvl@example.com
QLEOLSGY,qleolsgy@example.com
CVSEJUMZ,cvsejumz@example.com
UYPUDGZA,uypudgza@example.com
XLQGBMII,xlqgbmii@example.com
XXGUFADH,xxgufadh@example.com
NEFUKDZN,nefukdzn@example.com
YIYWHQRW,yiywhqrw@example.com
GFZIANYO,gfzianyo@example.com
LKJZWNTU,lkjzwntu@example.com
MCTDBLZZ,mctdblzz@example.com
TKCLKJWK,tkclkjwk@example.com
IAIVUMVD,iaivumvd@example.com
KUNLRPFR,kunlrpfr@example.com
CFHAWDBR,cfhawdbr@example.com
JCLHNWKT,jclhnwkt@example.com
POAWGNPG,poawgnpg@example.com
PNIQAHWZ,pniqahwz@example.com
WMPNPSKT,wmpnpskt@example.com
WPCPGJPN,wpcpgjpn@example.com
WRVEIGQY,wrveigqy@example.com
YVYBEBVE,yvybebve@example.com
ODIBFUEF,odibfuef@example.com
HNKTNPBP,hnktnpbp@example.com
CEMECLOX,cemeclox@example.com
FYHRACDM,fyhracdm@example.com
GCSDLJUI,gcsdljui@example.com
UQKXBUAC,uqkxbuac@example.com
RJNQOVUE,rjnqovue@example.com
MIFANLRZ,mifanlrz@example.com
GQUKUPQV,gqukupqv@example.com
GUXXUYDX,guxxuydx@example.com
KMYFHPLT,kmyfhplt@example.com
OLXORPGI,olxorpgi@example.com
CSNVZBFQ,csnvzbfq@example.com
WLXRHMMS,wlxrhmms@example.com
TOCNRCAW,tocnrcaw@example.com
SJFEFPOD,sjfefpod@example.com
PUTFQYWZ,putfqywz@example.com
BZLWPSYY,bzlwpsyy@example.com
QCRGETSG,qcrgetsg@example.com
BDFURUEJ,bdfuruej@example.com
BBGBGLMM,bbgbglmm@example.com
HSTGPYDO,hstgpydo@example.com
CFTWGETT,cftwgett@example.com
MRFANKHS,mrfankhs@example.com
OWTPNVMR,owtpnvmr@example.com
ZHUKYQCY,zhukyqcy@example.com
WYLAOJRC,wylaojrc@example.com
LRTCOGWI,lrtcogwi@example.com
BEENICHK,beenichk@example.com
BDAQSKBH,bdaqskbh@example.com
WJGEIPCS,wjgeipcs@example.com
OMOEYKPQ,omoeykpq@example.com
MWFBKZSC,mwfbkzsc@example.com
XQLVELNM,xqlvelnm@example.com
CWIFQAIE,cwifqaie@example.com
VJPOIQIQ,vjpoiqiq@example.com
EMZYZFMD,emzyzfmd@example.com
XFNCYQNY,xfncyqny@example.com
ALFDTDLU,alfdtdlu@example.com
LKFRUOZR,lkfruozr@example.com
AUCPCEAO,aucpceao@example.com
NTHOIGKG,nthoigkg@example.com
LUSAQYES,lusaqyes@example.com
AAVXKKNF,aavxkknf@example.com
BCGGFZBB,bcggfzbb@example.com
ZAJTWNHO,zajtwnho@example.com
VDGDAFQQ,vdgdafqq@example.com
XVXIUZMT,xvxiuzmt@example.com
MPNLQHMS,mpnlqhms@example.com
XHZSMQDU,xhzsmqdu@example.com
BZKSOMPW,bzksompw@example.com
WEGRRKVC,wegrrkvc@example.com
QWQVDXGJ,qwqvdxgj@example.com
YABQFUBG,yabqfubg@example.com
UMTJUXQQ,umtjuxqq@example.com
GGMYXAIK,ggmyxaik@example.com
FHFOVHUS,fhfovhus@example.com
ZACBARPH,zacbarph@example.com
TMLXTBXS,tmlxtbxs@example.com
GTSNPYDN,gtsnpydn@example.com
VLLEEPOS,vlleepos@example.com
LNLGPPMW,lnlgppmw@example.com
WUMEPXGF,wumepxgf@example.com
WXQXRSXX,wxqxrsxx@example.com
WCYQFAEL,wcyqfael@example.com
EDJDEZEP,edjdezep@example.com
LLUDXDAE,lludxdae@example.com
AXAJIZDO,axajizdo@example.com
FBQPTTJJ,fbqpttjj@example.com
HFGWSEPH,hfgwseph@example.com
OMZYRYHA,omzyryha@example.com
PBQPETLF,pbqpetlf@example.com
KIHJUFML,kihjufml@example.com
AOPMHEKN,aopmhekn@example.com
SUCNRBUL,sucnrbul@example.com
ODMBGYTX,odmbgytx@example.com
LSVUTZUF,lsvutzuf@example.com
XBEMHIOS,xbemhios@example.com
WGYYHRJY,wgyyhrjy@example.com
VZFJONHP,vzfjonhp@example.com
ORKVEOAJ,orkveoaj@example.com
NWFWMSQE,nwfwmsqe@example.com
AGUKHSNY,agukhsny@example.com
XOOUPXEX,xooupxex@example.com
YRUECJTK,yruecjtk@example.com
IESCAASX,iescaasx@example.com
GPBTODCR,gpbtodcr@example.com
SCEGZAFJ,scegzafj@example.com
MGFRUFKY,mgfrufky@example.com
TCGFMQGD,tcgfmqgd@example.com
ZIASEGBB,ziasegbb@example.com
NCZGZGUG,nczgzgug@example.com
ZTSVIOJR,ztsviojr@example.com
VYAZUEUV,vyazueuv@example.com
RANRBJKJ,ranrbjkj@example.com
ABYLBNSD,abylbnsd@example.com
XVEJCNPG,xvejcnpg@example.com
NZOMZVXI,nzomzvxi@example.com
YAQRUESJ,yaqruesj@example.com
INIAAPQK,iniaapqk@example.com
PIARMMDA,piarmmda@example.com
OMVJBMIA,omvjbmia@example.com
ZRZGSILN,zrzgsiln@example.com
IMASJFOR,imasjfor@example.com
LVCBCWQB,lvcbcwqb@example.com
AULXMYWB,aulxmywb@example.com
ZSTGGLJP,zstggljp@example.com
NXRFMKTN,nxrfmktn@example.com
OXCIQDTQ,oxciqdtq@example.com
CNUDLXVF,cnudlxvf@example.com
XYEYAKIX,xyeyakix@example.com
CGMRGBOL,cgmrgbol@example.com
HBZQFHVG,hbzqfhvg@example.com
BEGUFVPY,begufvpy@example.com
OLQLCURV,olqlcurv@example.com
KQSUNYFE,kqsunyfe@example.com
AYFPNZZN,ayfpnzzn@example.com
JWGZIGUG,jwgzigug@example.com
DYVKEPAD,dyvkepad@example.com
QNBNECZW,qnbneczw@example.com
JZWJNXLV,jzwjnxlv@example.com
TLNEPQIO,tlnepqio@example.com
KAMMZJBG,kammzjbg@example.com
MHBBOEEM,mhbboeem@example.com
AGMQZBNR,agmqzbnr@example.com
VDNLCSWX,vdnlcswx@example.com
RSJBOVTX,rsjbovtx@example.com
DWDPYZGN,dwdpyzgn@example.com
ODIUTCGM,odiutcgm@example.com
YVQLOMYG,yvqlomyg@example.com
KMUSDSSX,kmusdssx@example.com
PNUQTSFR,pnuqtsfr@example.com
HXRRHIGC,hxrrhigc@example.com
RJHVNEQX,rjhvneqx@example.com
TMPEYRZL,tmpeyrzl@example.com
BZZXNAKD,bzzxnakd@example.com
CUXKDORM,cuxkdorm@example.com
JFQWXUFW,jfqwxufw@example.com
HBPIMGFQ,hbpimgfq@example.com
ZKYDOTXJ,zkydotxj@example.com
OPPKHQPL,oppkhqpl@example.com
PRZAREZJ,przarezj@example.com
GQUPNAAA,gqupnaaa@example.com
GSFYUMQE,gsfyumqe@example.com
QSBTTXFJ,qsbttxfj@example.com
ZNKAVROY,znkavroy@example.com
EPIPEADF,epipeadf@example.com
CJJWVPDX,cjjwvpdx@example.com
VVTKYKXU,vvtkykxu@example.com
VXFTUKOK,vxftukok@example.com
TXLBHKAP,txlbhkap@example.com
HZUTXSJF,hzutxsjf@example.com
VAXBYUCB,vaxbyucb@example.com
YTBTYXLN,ytbtyxln@example.com
VLYVZHVO,vlyvzhvo@example.com
QAFXLCLI,qafxlcli@example.com
JROCFLKZ,jrocflkz@example.com
MBBAROZE,mbbaroze@example.com
CMYCNTZC,cmycntzc@example.com
DOVTIHWQ,dovtihwq@example.com
LIPEVPGT,lipevpgt@example.com
FFKIQRZN,ffkiqrzn@example.com
RGIGVVVV,rgigvvvv@example.com
QMTBDDYW,qmtbddyw@example.com
QZMEAGXL,qzmeagxl@example.com
QLUMTQHD,qlumtqhd@example.com
PLQMLPUL,plqmlpul@example.com
YHIXOKLG,yhixoklg@example.com
XWQDXGDZ,xwqdxgdz@example.com
WSFCACHI,wsfcachi@example.com
CTXXPFES,ctxxpfes@example.com
SWGUZRED,swguzred@example.com
TCNVDYGJ,tcnvdygj@example.com
ZYVZYWUO,zyvzywuo@example.com
DPUFBAPV,dpufbapv@example.com
PNTPOLZZ,pntpolzz@example.com
OLEYYWSL,oleyywsl@example.com
JLIJGZZH,jlijgzzh@example.com
ZQDCNWPA,zqdcnwpa@example.com
VLOAMGMF,vloamgmf@example.com
DVAMYBMO,dvamybmo@example.com
DNKDRXSQ,dnkdrxsq@example.com
PZCJXHNE,pzcjxhne@example.com
MJEOWBKX,mjeowbkx@example.com
HBTBZOOD,hbtbzood@example.com
TOGNWLNY,tognwlny@example.com
YMDJMRDC,ymdjmrdc@example.com
AYIUSHNQ,ayiushnq@example.com
DRNERVWF,drnervwf@example.com
PDCTFXTX,pdctfxtx@example.com
TIJNBFNV,tijnbfnv@example.com
VKJUJNLN,vkjujnln@example.com
GCOPJBOG,gcopjbog@example.com
WJZVKBEQ,wjzvkbeq@example.com
ZVGHSHFQ,zvghshfq@example.com
UABOFCFL,uabofcfl@example.com
TSMSEXSZ,tsmsexsz@example.com
SESSJBAZ,sessjbaz@example.com
FDCCJBBM,fdccjbbm@example.com
TLYZUVFC,tlyzuvfc@example.com
KUSOZHVT,kusozhvt@example.com
NQEONFUG,nqeonfug@example.com
LVXEHXYA,lvxehxya@example.com
MJJVGGWJ,mjjvggwj@example.com
AAKWUZEO,aakwuzeo@example.com
WAXUVYYA,waxuvyya@example.com
ABXMQMOS,abxmqmos@example.com
YSRVSZOU,ysrvszou@example.com
AUDJQJVM,audjqjvm@example.com
MOOMSNTJ,moomsntj@example.com
CXWKIVJB,cxwkivjb@example.com
ZQRAYMWC,zqraymwc@example.com
YIZXJTSK,yizxjtsk@example.com
FBZLDSLJ,fbzldslj@example.com
GFHJMMSP,gfhjmmsp@example.com
YLAHHRSM,ylahhrsm@example.com
QXAVFNHN,qxavfnhn@example.com
IIADETOY,iiadetoy@example.com
ITZPTNBS,itzptnbs@example.com
EVOPYNZV,evopynzv@example.com
YGCPFDJQ,ygcpfdjq@example.com
YXMWONHL,yxmwonhl@example.com
NRCNDBTT,nrcndbtt@example.com
FHBJFNEK,fhbjfnek@example.com
NLFWTUDZ,nlfwtudz@example.com
YKIJULSM,ykijulsm@example.com
CTBZDCTY,ctbzdcty@example.com
ZOJAXWUA,zojaxwua@example.com
HVBLKUCY,hvblkucy@example.com
VRHYGAVO,vrhygavo@example.com
LXVSBOCM,lxvsbocm@example.com
UTZJOIPQ,utzjoipq@example.com
ZCRPBTQE,zcrpbtqe@example.com
HGEXCMGI,hgexcmgi@example.com
MXKOJCTX,mxkojctx@example.com
WBPHHNWO,wbphhnwo@example.com
SQKLPLTD,sqklpltd@example.com
KTEETZFR,kteetzfr@example.com
AUNKVVEF,aunkvvef@example.com
XXAGNLPN,xxagnlpn@example.com
FTUFBWQQ,ftufbwqq@example.com
NXOIJVOZ,nxoijvoz@example.com
YWIOLMCC,ywiolmcc@example.com
QWHEGRLJ,qwhegrlj@example.com
VAJTKNXJ,vajtknxj@example.com
FPCRFVFP,fpcrfvfp@example.com
SPNWHNTR,spnwhntr@example.com
IWEFVFED,iwefvfed@example.com
VMMDWQAQ,vmmdwqaq@example.com
DAVIIGMU,daviigmu@example.com
AVFVAXYC,avfvaxyc@example.com
MYAESWYW,myaeswyw@example.com
XGPFJMDP,xgpfjmdp@example.com
JICPDPSZ,jicpdpsz@example.com
LHCEILBD,lhceilbd@example.com
OAYTYWDI,oaytywdi@example.com
FJJNREEV,fjjnreev@example.com
XVQGERRI,xvqgerri@example.com
QLYTNBJM,qlytnbjm@example.com
OHGFASEG,ohgfaseg@example.com
UQNCDVEV,uqncdvev@example.com
JZKVEHEX,jzkvehex@example.com
TZUCUGOH,tzucugoh@example.com
GZUKOROB,gzukorob@example.com
LRHLWZBQ,lrhlwzbq@example.com
PQLMPFEQ,pqlmpfeq@example.com
RBMCRTPL,rbmcrtpl@example.com
CBSDJAMX,cbsdjamx@example.com
ZBOWXIPR,zbowxipr@example.com
POUHCZAJ,pouhczaj@example.com
FWVOMNHU,fwvomnhu@example.com
OSHWJFOX,oshwjfox@example.com
FMEMLVVX,fmemlvvx@example.com
UFPPQQRG,ufppqqrg@example.com
HMWPYMMX,hmwpymmx@example.com
HXQJDUMI,hxqjdumi@example.com
WXGIZGFV,wxgizgfv@example.com
VPMMMKTG,vpmmmktg@example.com
RURCAPDY,rurcapdy@example.com
IIZUYFLJ,iizuyflj@example.com
QVQIEYHT,qvqieyht@example.com
WIOLLFFA,wiollffa@example.com
SRLHOANK,srlhoank@example.com
MJQXNRYW,mjqxnryw@example.com
YPFGBDWZ,ypfgbdwz@example.com
ZOLGYAVN,zolgyavn@example.com
SOFQVMPI,sofqvmpi@example.com
OFETZCFZ,ofetzcfz@example.com
MIRBBMEA,mirbbmea@example.com
FTJHUNEV,ftjhunev@example.com
MWYRBUVU,mwyrbuvu@example.com
CYTDXUXX,cytdxuxx@example.com
SVHXUTMB,svhxutmb@example.com
LHZVVZRG,lhzvvzrg@example.com
ESDTKCCU,esdtkccu@example.com
WPASFMPA,wpasfmpa@example.com
OBKYNJXS,obkynjxs@example.com
XUMONYKN,xumonykn@example.com
KFBBLSDA,kfbblsda@example.com
ZYWNBTDX,zywnbtdx@example.com
KVOBDXMB,kvobdxmb@example.com
TQTYFMJV,tqtyfmjv@example.com
SSXTIGXL,ssxtigxl@example.com
XWPGPSVQ,xwpgpsvq@example.com
ZTTKCHGX,zttkchgx@example.com
BEGBJVZI,begbjvzi@example.com
VGAGMPLC,vgagmplc@example.com
ODLWVRDC,odlwvrdc@example.com
GMWOXNBW,gmwoxnbw@example.com
JNKULUOR,jnkuluor@example.com
JBVYSCHF,jbvyschf@example.com
KKXDQLKE,kkxdqlke@example.com
RCCDMCQO,rccdmcqo@example.com
GBCEQSSH,gbceqssh@example.com
UOLYZTTJ,uolyzttj@example.com
AEWQMZSG,aewqmzsg@example.com
LBHJAGYY,lbhjagyy@example.com
XBCLUQBS,xbcluqbs@example.com
CFWVLVBE,cfwvlvbe@example.com
XVOGMFOI,xvogmfoi@example.com
YOUOHVPG,youohvpg@example.com
TJZMXKZV,tjzmxkzv@example.com
OKHXGDRC,okhxgdrc@example.com
HDNCNODA,hdncnoda@example.com
KTCEZLUV,ktcezluv@example.com
WXIIELXS,wxiielxs@example.com
GJWJEMHM,gjwjemhm@example.com
CZOKADWH,czokadwh@example.com
BYQMCNCB,byqmcncb@example.com
BFTBOBQF,bftbobqf@example.com
TFVHDXEY,tfvhdxey@example.com
ANDGZJKA,andgzjka@example.com
GKOLLAPL,gkollapl@example.com
KDDMJSVB,kddmjsvb@example.com
MCQXDJNS,mcqxdjns@example.com
CYRZXSCA,cyrzxsca@example.com
ODNMIQHZ,odnmiqhz@example.com
IHVDHXXK,ihvdhxxk@example.com
LPPUVUNC,lppuvunc@example.com
ZOATOTRJ,zoatotrj@example.com
TILSNOLD,tilsnold@example.com
KYWAUTEV,kywautev@example.com
JZWUDNHH,jzwudnhh@example.com
LUXMAPUA,luxmapua@example.com
BOQLIQWU,boqliqwu@example.com
LPJJHORP,lpjjhorp@example.com
TANJSYMU,tanjsymu@example.com
NOPEOAUO,nopeoauo@example.com
GZWJCXFD,gzwjcxfd@example.com
ZRGDFNYA,zrgdfnya@example.com
WCZXHXIB,wczxhxib@example.com
TWZVJEER,twzvjeer@example.com
SUWNTXVU,suwntxvu@example.com
WKAYGVQV,wkaygvqv@example.com
WGEKIFVW,wgekifvw@example.com
MQMFVPAI,mqmfvpai@example.com
CRGNOCLT,crgnoclt@example.com
PZBTJMHO,pzbtjmho@example.com
LODWJRZS,lodwjrzs@example.com
OOHNDKGE,oohndkge@example.com
PIFWGEOP,pifwgeop@example.com
HVBLZJVF,hvblzjvf@example.com
PTZOICFA,ptzoicfa@example.com
ZWBYRLGZ,zwbyrlgz@example.com
ZOFECMQC,zofecmqc@example.com
XJLJPIAQ,xjljpiaq@example.com
DPQRMEFG,dpqrmefg@example.com
DNTSLWEH,dntslweh@example.com
CNTEGCGJ,cntegcgj@example.com
WUTHRXML,wuthrxml@example.com
ZXZUHGAX,zxzuhgax@example.com
XIQLRTJH,xiqlrtjh@example.com
YSGXEQXP,ysgxeqxp@example.com
WIFBFDZK,wifbfdzk@example.com
TNHALTXS,tnhaltxs@example.com
DCISHHQX,dcishhqx@example.com
KYXUUJOZ,kyxuujoz@example.com
CUJIWHDH,cujiwhdh@example.com
APUBLTTJ,apublttj@example.com
HKBAVLXY,hkbavlxy@example.com
UNSZDRKT,unszdrkt@example.com
IYDFZFEX,iydfzfex@example.com
GJIJVIXB,gjijvixb@example.com
JDMYRYJV,jdmyryjv@example.com
PVXWGNGV,pvxwgngv@example.com
PRYYFFIH,pryyffih@example.com
RAVSAEAA,ravsaeaa@example.com
ZGDSCMGI,zgdscmgi@example.com
OXEKOWEB,oxekoweb@example.com
ZXYJHUCJ,zxyjhucj@example.com
UPMMLCPH,upmmlcph@example.com
YVRIWREV,yvriwrev@example.com
OWKGLZIC,owkglzic@example.com
NIZIYMAM,niziymam@example.com
YEDRSYWJ,yedrsywj@example.com
OTEADIPR,oteadipr@example.com
KXELRNYW,kxelrnyw@example.com
LYBAQGUW,lybaqguw@example.com
EWLGZKOH,ewlgzkoh@example.com
OJQHVCGR,ojqhvcgr@example.com
LXGLDHYQ,lxgldhyq@example.com
OVNSZZMD,ovnszzmd@example.com
FJBDBOKP,fjbdbokp@example.com
ERIWLOPQ,eriwlopq@example.com
IDFBXXYJ,idfbxxyj@example.com
ZNPXJQYF,znpxjqyf@example.com
BAVYPVAU,bavypvau@example.com
CQRCZCZG,cqrczczg@example.com
GSHTRTJF,gshtrtjf@example.com
EUJNBBUZ,eujnbbuz@example.com
EXPRKDMV,exprkdmv@example.com
SRUZALQE,sruzalqe@example.com
LIXYRJDF,lixyrjdf@example.com
FARLKIJW,farlkijw@example.com
FSBKZOIK,fsbkzoik@example.com
TVDKLDWJ,tvdkldwj@example.com
RGXOGABR,rgxogabr@example.com
DGDZMOOM,dgdzmoom@example.com
ALBLLSUW,albllsuw@example.com
AERMGCKH,aermgckh@example.com
VHRZEBRO,vhrzebro@example.com
WPUXLBJX,wpuxlbjx@example.com
YVSEEFSW,yvseefsw@example.com
NFACVOZP,nfacvozp@example.com
APQDRLAA,apqdrlaa@example.com
ADUWIUMM,aduwiumm@example.com
UAGGSKDJ,uaggskdj@example.com
KGKOWTWL,kgkowtwl@example.com
OSGVDECR,osgvdecr@example.com
AUJTDFZA,aujtdfza@example.com
PRUDMJZV,prudmjzv@example.com
PPBFXDWG,ppbfxdwg@example.com
GVEWURZK,gvewurzk@example.com
HRUUNXMG,hruunxmg@example.com
DDMCJADW,ddmcjadw@example.com
TWBKOLOH,twbkoloh@example.com
DASXTXST,dasxtxst@example.com
BLURGPHZ,blurgphz@example.com
UFSOXOHN,ufsoxohn@example.com
XCXTGCYM,xcxtgcym@example.com
JIPIBRLO,jipibrlo@example.com
RTGIKZMJ,rtgikzmj@example.com
UUWBEKYD,uuwbekyd@example.com
BVKCHFNU,bvkchfnu@example.com
SZRYJEEU,szryjeeu@example.com
JRYYTUOH,jryytuoh@example.com
GOTVEODR,gotveodr@example.com
ZVAVRTFI,zvavrtfi@example.com
QYENKEEW,qyenkeew@example.com
SACFPKIW,sacfpkiw@example.com
CLKVXGGV,clkvxggv@example.com
RZIIIAJJ,rziiiajj@example.com
HQBXNHVJ,hqbxnhvj@example.com
ELEQLQFU,eleqlqfu@example.com
RTCATXZO,rtcatxzo@example.com
FTNIDQDK,ftnidqdk@example.com
PSMZABVO,psmzabvo@example.com
AFMYALQF,afmyalqf@example.com
UDIBLQNA,udiblqna@example.com
XXRLJOOE,xxrljooe@example.com
FLKATJHD,flkatjhd@example.com
IWBDQVXH,iwbdqvxh@example.com
THDJILHA,thdjilha@example.com
KLLGPKFC,kllgpkfc@example.com
WKKUXHNK,wkkuxhnk@example.com
GZKPLESA,gzkplesa@example.com
ASGSFWUF,asgsfwuf@example.com
SAXISUYL,saxisuyl@example.com
TQVLHKWN,tqvlhkwn@example.com
IXJPCYRB,ixjpcyrb@example.com
ZZIPUGNA,zzipugna@example.com
PIEZXZCS,piezxzcs@example.com
WPTENBXW,wptenbxw@example.com
BBKLXKKY,bbklxkky@example.com
FRGSRZQW,frgsrzqw@example.com
RRHKYIKX,rrhkyikx@example.com
QLNDQNUP,qlndqnup@example.com
DFGHXXDH,dfghxxdh@example.com
FZSUNPYS,fzsunpys@example.com
KWREJLNL,kwrejlnl@example.com
RLVZOUWR,rlvzouwr@example.com
VMTIRPIB,vmtirpib@example.com
MQGLNIGL,mqglnigl@example.com
TGUCPTKK,tgucptkk@example.com
TFGNFVWG,tfgnfvwg@example.com
LBBQCWUZ,lbbqcwuz@example.com
SRVWUNDQ,srvwundq@example.com
GBGSWZBJ,gbgswzbj@example.com
VVRCGVJG,vvrcgvjg@example.com
QPDBWCSI,qpdbwcsi@example.com
TTTIMGBS,tttimgbs@example.com
YMWPHRCI,ymwphrci@example.com
SDBOAHDP,sdboahdp@example.com
MUOJQRFO,muojqrfo@example.com
PAAIXXNA,paaixxna@example.com
SUUABBBX,suuabbbx@example.com
QBQETALH,qbqetalh@example.com
IEGPHFHQ,iegphfhq@example.com
XPLBOJOD,xplbojod@example.com
FVTJMVIO,fvtjmvio@example.com
UMAESXJJ,umaesxjj@example.com
OERZANKF,oerzankf@example.com
WZONJPUM,wzonjpum@example.com
SNZYHBBD,snzyhbbd@example.com
ZHMMRKJU,zhmmrkju@example.com
YSYDVAAX,ysydvaax@example.com
ZDOQTYJO,zdoqtyjo@example.com
KGQSNQPZ,kgqsnqpz@example.com
RBZOVETT,rbzovett@example.com
WEATOCYX,weatocyx@example.com
RPZZWNNJ,rpzzwnnj@example.com
RNAYNYCD,rnaynycd@example.com
JIPXUESG,jipxuesg@example.com
IECGZOUK,iecgzouk@example.com
GUJFCFYF,gujfcfyf@example.com
QXIBDNPP,qxibdnpp@example.com
QDSGNCDE,qdsgncde@example.com
KOGTDCKN,kogtdckn@example.com
WKGGAUWT,wkggauwt@example.com
FFUZGQMO,ffuzgqmo@example.com
AZFXTZGL,azfxtzgl@example.com
UCBSHKLF,ucbshklf@example.com
XJXFRPDM,xjxfrpdm@example.com
JDHZVDBP,jdhzvdbp@example.com
