name,email,age
Mxgfjfpn,mxgfjfpn@example.com,55
Twmgdgre,twmgdgre@example.com,27
Nwnindkt,nwnindkt@example.com,20
Bpuvejff,bpuvejff@example.com,59
Mbrzyifr,mbrzyifr@example.com,46
Pmmkulss,pmmkulss@example.com,45
Psypofpi,psypofpi@example.com,55
Jqexfnei,jqexfnei@example.com,23
Zzkgovsd,zzkgovsd@example.com,26
Aejrwndg,aejrwndg@example.com,56
Tdblenro,tdblenro@example.com,26
Vjnidgml,vjnidgml@example.com,64
Nmisnixn,nmisnixn@example.com,64
Ugttcnuu,ugttcnuu@example.com,59
Oxndpxir,oxndpxir@example.com,45
Vidavhfu,vidavhfu@example.com,58
Qlzzogtg,qlzzogtg@example.com,23
Pkdypgng,pkdypgng@example.com,18
Wfzynvmx,wfzynvmx@example.com,53
Clydkflc,clydkflc@example.com,38
Tumtabjv,tumtabjv@example.com,26
Nnagfshm,nnagfshm@example.com,20
Zssweask,zssweask@example.com,31
Covflkps,covflkps@example.com,61
Qkovyphm,qkovyphm@example.com,34
Wxmoygdv,wxmoygdv@example.com,32
Fcnqdvwz,fcnqdvwz@example.com,65
Xcwzpkzf,xcwzpkzf@example.com,42
Xoryzina,xoryzina@example.com,36
Zpmiscwh,zpmiscwh@example.com,63
Zewlffnt,zewlffnt@example.com,43
Wdwdvsyo,wdwdvsyo@example.com,54
Hsumzpnz,hsumzpnz@example.com,31
Chdjlwed,chdjlwed@example.com,47
Jdetvlpd,jdetvlpd@example.com,44
Rjuckgek,rjuckgek@example.com,38
Pvrmsnif,pvrmsnif@example.com,54
Uarbokkg,uarbokkg@example.com,35
Lkfrnqnp,lkfrnqnp@example.com,40
Wmlkomvt,wmlkomvt@example.com,53
Qcvnmfvt,qcvnmfvt@example.com,42
Uoqvwkib,uoqvwkib@example.com,24
Fqvsxbtk,fqvsxbtk@example.com,39
Avjrhvdr,avjrhvdr@example.com,35
Bisuskaj,bisuskaj@example.com,25
Ivxancly,ivxancly@example.com,43
Cmkwoxsx,cmkwoxsx@example.com,23
Jumdqcij,jumdqcij@example.com,18
Zhyxhrbr,zhyxhrbr@example.com,40
Eppfrtoc,eppfrtoc@example.com,65
Kqyrouui,kqyrouui@example.com,63
Jrpcndps,jrpcndps@example.com,61
Nopttslv,nopttslv@example.com,56
Xgamjctl,xgamjctl@example.com,57
Xmnvvupm,xmnvvupm@example.com,64
Jzntlbjf,jzntlbjf@example.com,49
Siurutfx,siurutfx@example.com,49
Qmacrbsc,qmacrbsc@example.com,20
Qiqkeuiy,qiqkeuiy@example.com,47
Luiewstz,luiewstz@example.com,51
Bpeunhbo,bpeunhbo@example.com,49
Kfgdpeqs,kfgdpeqs@example.com,25
Psojklxb,psojklxb@example.com,46
Jbejxyyb,jbejxyyb@example.com,55
Qvqweerc,qvqweerc@example.com,64
Glfgobed,glfgobed@example.com,53
Zzcfvllk,zzcfvllk@example.com,38
Pvtplzyq,pvtplzyq@example.com,55
Sqxsonvj,sqxsonvj@example.com,35
Cfxkmnis,cfxkmnis@example.com,25
Totxjxlz,totxjxlz@example.com,57
Aaqzhvqk,aaqzhvqk@example.com,41
Prfopjnw,prfopjnw@example.com,55
Qltzqdmb,qltzqdmb@example.com,34
Tjwdhseq,tjwdhseq@example.com,54
Rozklnay,rozklnay@example.com,59
Xqeyjege,xqeyjege@example.com,52
Ubcqoeby,ubcqoeby@example.com,30
Fqpyraij,fqpyraij@example.com,29
Citctddn,citctddn@example.com,51
Jhbvcyrf,jhbvcyrf@example.com,43
Vidbnfeq,vidbnfeq@example.com,38
Ouovojgm,ouovojgm@example.com,19
Wsvzqppw,wsvzqppw@example.com,47
Smsacque,smsacque@example.com,65
Omgvrrrn,omgvrrrn@example.com,19
Ivrdtuev,ivrdtuev@example.com,30
Ogdhdqct,ogdhdqct@example.com,19
Vapviypv,vapviypv@example.com,53
Wengemtv,wengemtv@example.com,57
Lmxekqmo,lmxekqmo@example.com,39
Bqejkkrm,bqejkkrm@example.com,63
Eytdoumw,eytdoumw@example.com,53
Uxkjcpiq,uxkjcpiq@example.com,64
Zxryhsdb,zxryhsdb@example.com,33
Htmhfvqc,htmhfvqc@example.com,21
Uugqsmcv,uugqsmcv@example.com,42
Iasbqxmn,iasbqxmn@example.com,39
Pcfshmfh,pcfshmfh@example.com,58
Vlsgfgra,vlsgfgra@example.com,24
Qidkirxb,qidkirxb@example.com,60
Qsspytuk,qsspytuk@example.com,33
Zmgnhavt,zmgnhavt@example.com,18
Ronptlrz,ronptlrz@example.com,26
Gmnobvab,gmnobvab@example.com,46
Wbhurfhd,wbhurfhd@example.com,34
Ldjgqvxx,ldjgqvxx@example.com,33
Lhogjwhi,lhogjwhi@example.com,60
Ygihlvjl,ygihlvjl@example.com,40
Kompmhwy,kompmhwy@example.com,56
Nlwnobif,nlwnobif@example.com,34
Arydkjrd,arydkjrd@example.com,24
Gywawinz,gywawinz@example.com,38
Qyeeaxqr,qyeeaxqr@example.com,43
Edgzjjcz,edgzjjcz@example.com,44
Jivfvzsh,jivfvzsh@example.com,56
Feuaxruk,feuaxruk@example.com,34
Qymipvup,qymipvup@example.com,46
Ozfxnlqn,ozfxnlqn@example.com,42
Ckdosfrn,ckdosfrn@example.com,51
Idjrecrw,idjrecrw@example.com,62
Tuzczcqq,tuzczcqq@example.com,28
Vhbtejhf,vhbtejhf@example.com,52
Kxsyvzql,kxsyvzql@example.com,64
Tnvllrpp,tnvllrpp@example.com,27
Nzwbjtfb,nzwbjtfb@example.com,31
Snldiokw,snldiokw@example.com,48
Hfdiokvo,hfdiokvo@example.com,21
Ibhhrcpa,ibhhrcpa@example.com,44
Ugfmrnnf,ugfmrnnf@example.com,40
Whjwmrin,whjwmrin@example.com,43
Xqvztgop,xqvztgop@example.com,48
Qeadwpfe,qeadwpfe@example.com,64
Knkvdhss,knkvdhss@example.com,18
Deoetzuz,deoetzuz@example.com,62
Ddjyrbjt,ddjyrbjt@example.com,65
Hqmsrxut,hqmsrxut@example.com,32
Lebcrqwm,lebcrqwm@example.com,27
Owqdoakm,owqdoakm@example.com,42
Nxitlkpg,nxitlkpg@example.com,46
Aeyiohqs,aeyiohqs@example.com,23
Xjjfhxfh,xjjfhxfh@example.com,38
Fvjpqmmp,fvjpqmmp@example.com,52
Yfzhsmvw,yfzhsmvw@example.com,38
Igmglcck,igmglcck@example.com,45
Jlqnzksf,jlqnzksf@example.com,21
Zxbbcmea,zxbbcmea@example.com,18
Pimoeefu,pimoeefu@example.com,56
Muhjqopr,muhjqopr@example.com,56
Eptagizm,eptagizm@example.com,30
Pnktaace,pnktaace@example.com,58
Fuutxnjp,fuutxnjp@example.com,22
Xafekfuh,xafekfuh@example.com,29
Aaridkqp,aaridkqp@example.com,49
Oiezovwx,oiezovwx@example.com,65
Kgehodte,kgehodte@example.com,21
Wfgqvdcz,wfgqvdcz@example.com,32
Vprxgoes,vprxgoes@example.com,51
Lctzywsc,lctzywsc@example.com,32
Knhvcnft,knhvcnft@example.com,60
Wlznaoxs,wlznaoxs@example.com,45
Dtuthjet,dtuthjet@example.com,25
Duhiucqe,duhiucqe@example.com,38
Bdtxgjhh,bdtxgjhh@example.com,27
Uvgzvkwg,uvgzvkwg@example.com,22
Nunqlzyv,nunqlzyv@example.com,65
Jmauwmcm,jmauwmcm@example.com,56
Fypodgit,fypodgit@example.com,42
Rwlpppcf,rwlpppcf@example.com,62
Istpcvla,istpcvla@example.com,41
Dqxldpyp,dqxldpyp@example.com,30
Sbdrefhb,sbdrefhb@example.com,38
Ndrlffup,ndrlffup@example.com,61
Wadagtpc,wadagtpc@example.com,36
Iofkqqli,iofkqqli@example.com,53
Dsrejrwq,dsrejrwq@example.com,45
Ulbgqyit,ulbgqyit@example.com,44
Tczqpynz,tczqpynz@example.com,50
Wdyilsii,wdyilsii@example.com,50
Ejrmcsqn,ejrmcsqn@example.com,56
Prqlnxna,prqlnxna@example.com,18
Ntjcgpwy,ntjcgpwy@example.com,34
Xgrmexaa,xgrmexaa@example.com,49
Nfrbmuch,nfrbmuch@example.com,25
Brcuiojn,brcuiojn@example.com,53
Qemvygjz,qemvygjz@example.com,50
Urdosgql,urdosgql@example.com,21
Cbfvjfbb,cbfvjfbb@example.com,30
Glbpwtqh,glbpwtqh@example.com,49
Wxjciebo,wxjciebo@example.com,43
Sqqxdkow,sqqxdkow@example.com,44
Yoiermrr,yoiermrr@example.com,31
Xmomkokc,xmomkokc@example.com,49
Qlhpsudr,qlhpsudr@example.com,28
Tdtwyhap,tdtwyhap@example.com,29
Zzusqvte,zzusqvte@example.com,48
Xrdiqsyy,xrdiqsyy@example.com,44
Crzlonaw,crzlonaw@example.com,45
Desqpzbn,desqpzbn@example.com,29
Cyzfiukr,cyzfiukr@example.com,49
Uihulmjn,uihulmjn@example.com,40
Bxyesgni,bxyesgni@example.com,56
Hyqjhmrq,hyqjhmrq@example.com,37
Vbrfsgvk,vbrfsgvk@example.com,30
Bansunew,bansunew@example.com,28
Jywufsol,jywufsol@example.com,38
Rcpynnss,rcpynnss@example.com,35
Qpzglint,qpzglint@example.com,42
Ouwgueqk,ouwgueqk@example.com,51
Ihvwatrt,ihvwatrt@example.com,37
Lnnztrff,lnnztrff@example.com,43
Ijnbialg,ijnbialg@example.com,29
Kzzlnzzk,kzzlnzzk@example.com,47
Dixiovwx,dixiovwx@example.com,47
Qwiwgglc,qwiwgglc@example.com,29
Asroggvs,asroggvs@example.com,39
Jvhbjfce,jvhbjfce@example.com,27
Zliuibfq,zliuibfq@example.com,48
Dvvovraq,dvvovraq@example.com,38
Hpafihxa,hpafihxa@example.com,30
Rsgrgbfm,rsgrgbfm@example.com,49
Iixppfzt,iixppfzt@example.com,61
Rcyofvvk,rcyofvvk@example.com,51
Xmbpighd,xmbpighd@example.com,55
Pjzpdsdb,pjzpdsdb@example.com,52
Pwmamrfo,pwmamrfo@example.com,55
Oveojzeq,oveojzeq@example.com,53
Qbmuebeh,qbmuebeh@example.com,43
Ukcryrjf,ukcryrjf@example.com,33
Rihzuguh,rihzuguh@example.com,65
Jqxdprwn,jqxdprwn@example.com,20
Msxfxujh,msxfxujh@example.com,19
Gzgthbux,gzgthbux@example.com,20
Svturgnq,svturgnq@example.com,53
Dahzjhik,dahzjhik@example.com,61
Agmjfvoh,agmjfvoh@example.com,62
Tmbwhkzo,tmbwhkzo@example.com,49
Qmjdfxqn,qmjdfxqn@example.com,49
Kdvpdfry,kdvpdfry@example.com,23
Ryyooyvu,ryyooyvu@example.com,43
Lqssxqgg,lqssxqgg@example.com,65
Vrjxatxk,vrjxatxk@example.com,18
Dzqhfgef,dzqhfgef@example.com,38
Cldvezea,cldvezea@example.com,39
Nhylivmj,nhylivmj@example.com,28
Rdukzxqy,rdukzxqy@example.com,47
Cbuczlxx,cbuczlxx@example.com,23
Qtaogsvk,qtaogsvk@example.com,35
Krrkzfjz,krrkzfjz@example.com,49
Xudlydza,xudlydza@example.com,44
Efgducpv,efgducpv@example.com,40
Eoqhcneb,eoqhcneb@example.com,63
Lgajkrvl,lgajkrvl@example.com,33
Anxahxuw,anxahxuw@example.com,38
Pbeocupl,pbeocupl@example.com,43
Mtsbtuxm,mtsbtuxm@example.com,45
Iownpzxe,iownpzxe@example.com,49
Ivmavcer,ivmavcer@example.com,23
Bgixtiew,bgixtiew@example.com,53
Tullpdgl,tullpdgl@example.com,60
Cbxcqdel,cbxcqdel@example.com,62
Xzfasrlo,xzfasrlo@example.com,49
Ibuvsatt,ibuvsatt@example.com,55
Ajuhbrnz,ajuhbrnz@example.com,33
Yvxxakoz,yvxxakoz@example.com,48
Ejzqcktr,ejzqcktr@example.com,19
Ozlzrqoy,ozlzrqoy@example.com,44
Sdijvbze,sdijvbze@example.com,42
Djbezrer,djbezrer@example.com,52
Fcsxgrag,fcsxgrag@example.com,43
Cyeeznqv,cyeeznqv@example.com,37
Tyrkvdjp,tyrkvdjp@example.com,61
Uvnfumrz,uvnfumrz@example.com,31
Jyqihses,jyqihses@example.com,26
Ppusdkyb,ppusdkyb@example.com,26
Lulnpuce,lulnpuce@example.com,24
Ymagwnnd,ymagwnnd@example.com,24
Jokggdwd,jokggdwd@example.com,31
Awomahty,awomahty@example.com,54
Uwkndpgt,uwkndpgt@example.com,61
Gnketmab,gnketmab@example.com,36
Ixlngmgh,ixlngmgh@example.com,52
Itfecudm,itfecudm@example.com,22
Idkndpal,idkndpal@example.com,51
Aixupmms,aixupmms@example.com,37
Lgdthazh,lgdthazh@example.com,58
Nrwgeete,nrwgeete@example.com,53
Ilympaez,ilympaez@example.com,56
Izlchtku,izlchtku@example.com,43
Bpnetmzi,bpnetmzi@example.com,53
Ckrnhntx,ckrnhntx@example.com,41
Yzvkgxxv,yzvkgxxv@example.com,37
Hoozhvsf,hoozhvsf@example.com,55
Ojnnkpwp,ojnnkpwp@example.com,29
Dzawlrpu,dzawlrpu@example.com,25
Lzsvapyi,lzsvapyi@example.com,28
Waeeqadi,waeeqadi@example.com,49
Exsbfxhl,exsbfxhl@example.com,27
Hvzyzggs,hvzyzggs@example.com,59
Muyuycez,muyuycez@example.com,37
Kiomiawd,kiomiawd@example.com,18
Ysdvhwur,ysdvhwur@example.com,49
Jyzcuvvu,jyzcuvvu@example.com,54
Izmzaocl,izmzaocl@example.com,54
Wwxplomt,wwxplomt@example.com,20
Lirmkcnd,lirmkcnd@example.com,35
Jhhhansn,jhhhansn@example.com,65
Mxlzzsbj,mxlzzsbj@example.com,23
Jpvbsivz,jpvbsivz@example.com,61
Wjavxyky,wjavxyky@example.com,31
Ujaekudi,ujaekudi@example.com,34
Nzkzqxqt,nzkzqxqt@example.com,18
Xxmsysvc,xxmsysvc@example.com,46
Ibgauqqq,ibgauqqq@example.com,61
Opadnzhv,opadnzhv@example.com,33
Rcsjuect,rcsjuect@example.com,37
Haaxblmo,haaxblmo@example.com,22
Qumksfks,qumksfks@example.com,62
Qswgfdxz,qswgfdxz@example.com,56
Ubjmsjpf,ubjmsjpf@example.com,51
Xvvmzzmg,xvvmzzmg@example.com,65
Ltsrietc,ltsrietc@example.com,29
Mnonfwbg,mnonfwbg@example.com,62
Vvsmkjat,vvsmkjat@example.com,51
Kwpylxzi,kwpylxzi@example.com,46
Qeocqtsw,qeocqtsw@example.com,46
Fjjvdwcu,fjjvdwcu@example.com,55
Ibhlptwq,ibhlptwq@example.com,38
Lzxvwimt,lzxvwimt@example.com,61
Msobtdnl,msobtdnl@example.com,53
Qwqeygyt,qwqeygyt@example.com,38
Lgoqrkul,lgoqrkul@example.com,27
Qglaoqyg,qglaoqyg@example.com,53
Oinnazfn,oinnazfn@example.com,37
Ijvnvtri,ijvnvtri@example.com,63
Bkdidszm,bkdidszm@example.com,65
Lyzxetje,lyzxetje@example.com,38
Kbqplvqz,kbqplvqz@example.com,59
Hyzymhga,hyzymhga@example.com,32
Qtetqirh,qtetqirh@example.com,58
Ozoixcxc,ozoixcxc@example.com,65
Zdreyclu,zdreyclu@example.com,52
Gnhacbfy,gnhacbfy@example.com,39
Mfwrxdjv,mfwrxdjv@example.com,42
Qdilfxjg,qdilfxjg@example.com,63
Kysrdlsl,kysrdlsl@example.com,46
Fawbqoak,fawbqoak@example.com,39
Agwocbee,agwocbee@example.com,48
Vdorwsvl,vdorwsvl@example.com,34
Rwxbnuxb,rwxbnuxb@example.com,59
Qrebinfr,qrebinfr@example.com,57
Jdzkjsrb,jdzkjsrb@example.com,64
Jhysehtx,jhysehtx@example.com,37
Lwkxmzwv,lwkxmzwv@example.com,62
Axktnlkd,axktnlkd@example.com,53
Dcmenxpx,dcmenxpx@example.com,58
Umobsovn,umobsovn@example.com,54
Wguicmvo,wguicmvo@example.com,47
Dcvdpfoe,dcvdpfoe@example.com,24
Basfovta,basfovta@example.com,63
Mlpcdmmp,mlpcdmmp@example.com,44
Ysoongli,ysoongli@example.com,31
Adfxtucz,adfxtucz@example.com,58
Rujfxdas,rujfxdas@example.com,54
Lbtcswmi,lbtcswmi@example.com,31
Sbrkodce,sbrkodce@example.com,52
Sxwhpvgu,sxwhpvgu@example.com,44
Itahpoin,itahpoin@example.com,55
Xmshwmsq,xmshwmsq@example.com,56
Amxbotsv,amxbotsv@example.com,20
Zcnnfzya,zcnnfzya@example.com,35
Rrbcyyhr,rrbcyyhr@example.com,62
Cijwwtxt,cijwwtxt@example.com,52
Tfwvscvy,tfwvscvy@example.com,19
Edvvbyib,edvvbyib@example.com,21
Beptoqsc,beptoqsc@example.com,33
Ixiilofu,ixiilofu@example.com,18
Ytsejedp,ytsejedp@example.com,32
Lzldzfei,lzldzfei@example.com,31
Eszhscpf,eszhscpf@example.com,33
Dafioola,dafioola@example.com,55
Ysdmcrtm,ysdmcrtm@example.com,23
Zzaqoslf,zzaqoslf@example.com,47
Qlkrhiyd,qlkrhiyd@example.com,52
Rclqryhh,rclqryhh@example.com,64
Jehzmqbu,jehzmqbu@example.com,35
Gcpbirgx,gcpbirgx@example.com,54
Xmupsdxd,xmupsdxd@example.com,49
Rtnqktaj,rtnqktaj@example.com,58
Gqpjmpbz,gqpjmpbz@example.com,37
Anyhejud,anyhejud@example.com,52
Qrhgakxw,qrhgakxw@example.com,33
Nqfdspuo,nqfdspuo@example.com,18
Fvsfiiia,fvsfiiia@example.com,19
Nhrnnczh,nhrnnczh@example.com,38
Uheazigv,uheazigv@example.com,19
Gbpkgwah,gbpkgwah@example.com,22
Wrsjmaup,wrsjmaup@example.com,50
Wzeapygs,wzeapygs@example.com,59
Gxjklzuf,gxjklzuf@example.com,49
Buxnrxlw,buxnrxlw@example.com,52
Uuhdfsny,uuhdfsny@example.com,55
Cmnejzdu,cmnejzdu@example.com,53
Hrecpxtn,hrecpxtn@example.com,34
Eambixqy,eambixqy@example.com,64
Orueaztk,orueaztk@example.com,42
Gpgvfrcj,gpgvfrcj@example.com,32
Rdbgxrai,rdbgxrai@example.com,43
Vpyweiah,vpyweiah@example.com,54
Aseuppcm,aseuppcm@example.com,35
Ebniytbz,ebniytbz@example.com,54
Wgdtlhlh,wgdtlhlh@example.com,40
Boxupasu,boxupasu@example.com,21
Rqietbbu,rqietbbu@example.com,18
Aeefahyk,aeefahyk@example.com,47
Ifsdpwso,ifsdpwso@example.com,20
Ozxalcom,ozxalcom@example.com,37
Ijybjboi,ijybjboi@example.com,53
Ixkwsdfa,ixkwsdfa@example.com,23
Usqjrcpz,usqjrcpz@example.com,64
Jzvumphf,jzvumphf@example.com,59
Eaavzhoi,eaavzhoi@example.com,39
Yrzgeqxr,yrzgeqxr@example.com,52
Ngbkyzxh,ngbkyzxh@example.com,45
Zgridhat,zgridhat@example.com,35
Sbozhzdk,sbozhzdk@example.com,18
Zmlsgsmh,zmlsgsmh@example.com,44
Blusvxua,blusvxua@example.com,29
Qhymgjco,qhymgjco@example.com,33
Uvmqckqg,uvmqckqg@example.com,34
Xtwvngzo,xtwvngzo@example.com,65
Pggklyug,pggklyug@example.com,38
Ypwuxupn,ypwuxupn@example.com,34
Qvfxgeud,qvfxgeud@example.com,64
Hddxursz,hddxursz@example.com,43
Blukbvgr,blukbvgr@example.com,26
Mlnviaeh,mlnviaeh@example.com,33
Mbafqzch,mbafqzch@example.com,39
Awsojhnk,awsojhnk@example.com,33
Bkavfvjm,bkavfvjm@example.com,49
Ywhkufxt,ywhkufxt@example.com,28
Pqwsrgun,pqwsrgun@example.com,38
Akfjhpnw,akfjhpnw@example.com,43
Iasaonjo,iasaonjo@example.com,63
Akarnboo,akarnboo@example.com,41
Ulggkbwf,ulggkbwf@example.com,48
Nvsmpowa,nvsmpowa@example.com,36
Ennlnekx,ennlnekx@example.com,60
Oabfjbhv,oabfjbhv@example.com,34
Ysqpxwlo,ysqpxwlo@example.com,24
Xeropsog,xeropsog@example.com,28
Tcirukke,tcirukke@example.com,63
Imvppnyx,imvppnyx@example.com,38
Qxkmrhky,qxkmrhky@example.com,30
Ebrztrvl,ebrztrvl@example.com,65
Qleolsgy,qleolsgy@example.com,26
Cvsejumz,cvsejumz@example.com,61
Uypudgza,uypudgza@example.com,46
Xlqgbmii,xlqgbmii@example.com,64
Xxgufadh,xxgufadh@example.com,57
Nefukdzn,nefukdzn@example.com,38
Yiywhqrw,yiywhqrw@example.com,35
Gfzianyo,gfzianyo@example.com,22
Lkjzwntu,lkjzwntu@example.com,22
Mctdblzz,mctdblzz@example.com,41
Tkclkjwk,tkclkjwk@example.com,26
Iaivumvd,iaivumvd@example.com,40
Kunlrpfr,kunlrpfr@example.com,34
Cfhawdbr,cfhawdbr@example.com,24
Jclhnwkt,jclhnwkt@example.com,58
Poawgnpg,poawgnpg@example.com,36
Pniqahwz,pniqahwz@example.com,30
Wmpnpskt,wmpnpskt@example.com,32
Wpcpgjpn,wpcpgjpn@example.com,42
Wrveigqy,wrveigqy@example.com,49
Yvybebve,yvybebve@example.com,63
Odibfuef,odibfuef@example.com,43
Hnktnpbp,hnktnpbp@example.com,30
Cemeclox,cemeclox@example.com,48
Fyhracdm,fyhracdm@example.com,50
Gcsdljui,gcsdljui@example.com,37
Uqkxbuac,uqkxbuac@example.com,44
Rjnqovue,rjnqovue@example.com,46
Mifanlrz,mifanlrz@example.com,32
Gqukupqv,gqukupqv@example.com,29
Guxxuydx,guxxuydx@example.com,60
Kmyfhplt,kmyfhplt@example.com,60
Olxorpgi,olxorpgi@example.com,20
Csnvzbfq,csnvzbfq@example.com,33
Wlxrhmms,wlxrhmms@example.com,56
Tocnrcaw,tocnrcaw@example.com,24
Sjfefpod,sjfefpod@example.com,54
Putfqywz,putfqywz@example.com,18
Bzlwpsyy,bzlwpsyy@example.com,48
Qcrgetsg,qcrgetsg@example.com,40
Bdfuruej,bdfuruej@example.com,50
Bbgbglmm,bbgbglmm@example.com,49
Hstgpydo,hstgpydo@example.com,56
Cftwgett,cftwgett@example.com,61
Mrfankhs,mrfankhs@example.com,62
Owtpnvmr,owtpnvmr@example.com,22
Zhukyqcy,zhukyqcy@example.com,41
Wylaojrc,wylaojrc@example.com,44
Lrtcogwi,lrtcogwi@example.com,47
Beenichk,beenichk@example.com,35
Bdaqskbh,bdaqskbh@example.com,44
Wjgeipcs,wjgeipcs@example.com,26
Omoeykpq,omoeykpq@example.com,21
Mwfbkzsc,mwfbkzsc@example.com,55
Xqlvelnm,xqlvelnm@example.com,37
Cwifqaie,cwifqaie@example.com,24
Vjpoiqiq,vjpoiqiq@example.com,19
Emzyzfmd,emzyzfmd@example.com,32
Xfncyqny,xfncyqny@example.com,51
Alfdtdlu,alfdtdlu@example.com,39
Lkfruozr,lkfruozr@example.com,39
Aucpceao,aucpceao@example.com,20
Nthoigkg,nthoigkg@example.com,18
Lusaqyes,lusaqyes@example.com,21
Aavxkknf,aavxkknf@example.com,55
Bcggfzbb,bcggfzbb@example.com,22
Zajtwnho,zajtwnho@example.com,20
Vdgdafqq,vdgdafqq@example.com,25
Xvxiuzmt,xvxiuzmt@example.com,43
Mpnlqhms,mpnlqhms@example.com,25
Xhzsmqdu,xhzsmqdu@example.com,42
Bzksompw,bzksompw@example.com,58
Wegrrkvc,wegrrkvc@example.com,23
Qwqvdxgj,qwqvdxgj@example.com,33
Yabqfubg,yabqfubg@example.com,23
Umtjuxqq,umtjuxqq@example.com,46
Ggmyxaik,ggmyxaik@example.com,63
Fhfovhus,fhfovhus@example.com,42
Zacbarph,zacbarph@example.com,36
Tmlxtbxs,tmlxtbxs@example.com,49
Gtsnpydn,gtsnpydn@example.com,35
Vlleepos,vlleepos@example.com,54
Lnlgppmw,lnlgppmw@example.com,28
Wumepxgf,wumepxgf@example.com,33
Wxqxrsxx,wxqxrsxx@example.com,19
Wcyqfael,wcyqfael@example.com,41
Edjdezep,edjdezep@example.com,26
Lludxdae,lludxdae@example.com,36
Axajizdo,axajizdo@example.com,51
Fbqpttjj,fbqpttjj@example.com,38
Hfgwseph,hfgwseph@example.com,50
Omzyryha,omzyryha@example.com,55
Pbqpetlf,pbqpetlf@example.com,47
Kihjufml,kihjufml@example.com,59
Aopmhekn,aopmhekn@example.com,22
Sucnrbul,sucnrbul@example.com,56
Odmbgytx,odmbgytx@example.com,31
Lsvutzuf,lsvutzuf@example.com,26
Xbemhios,xbemhios@example.com,40
Wgyyhrjy,wgyyhrjy@example.com,45
Vzfjonhp,vzfjonhp@example.com,59
Orkveoaj,orkveoaj@example.com,59
Nwfwmsqe,nwfwmsqe@example.com,21
Agukhsny,agukhsny@example.com,24
Xooupxex,xooupxex@example.com,28
Yruecjtk,yruecjtk@example.com,45
Iescaasx,iescaasx@example.com,65
Gpbtodcr,gpbtodcr@example.com,35
Scegzafj,scegzafj@example.com,63
Mgfrufky,mgfrufky@example.com,29
Tcgfmqgd,tcgfmqgd@example.com,38
Ziasegbb,ziasegbb@example.com,42
Nczgzgug,nczgzgug@example.com,26
Ztsviojr,ztsviojr@example.com,36
Vyazueuv,vyazueuv@example.com,57
Ranrbjkj,ranrbjkj@example.com,41
Abylbnsd,abylbnsd@example.com,61
Xvejcnpg,xvejcnpg@example.com,46
Nzomzvxi,nzomzvxi@example.com,54
Yaqruesj,yaqruesj@example.com,43
Iniaapqk,iniaapqk@example.com,18
Piarmmda,piarmmda@example.com,44
Omvjbmia,omvjbmia@example.com,25
Zrzgsiln,zrzgsiln@example.com,64
Imasjfor,imasjfor@example.com,27
Lvcbcwqb,lvcbcwqb@example.com,26
Aulxmywb,aulxmywb@example.com,49
Zstggljp,zstggljp@example.com,32
Nxrfmktn,nxrfmktn@example.com,21
Oxciqdtq,oxciqdtq@example.com,57
Cnudlxvf,cnudlxvf@example.com,39
Xyeyakix,xyeyakix@example.com,51
Cgmrgbol,cgmrgbol@example.com,30
Hbzqfhvg,hbzqfhvg@example.com,29
Begufvpy,begufvpy@example.com,32
Olqlcurv,olqlcurv@example.com,44
Kqsunyfe,kqsunyfe@example.com,38
Ayfpnzzn,ayfpnzzn@example.com,50
Jwgzigug,jwgzigug@example.com,53
Dyvkepad,dyvkepad@example.com,26
Qnbneczw,qnbneczw@example.com,39
Jzwjnxlv,jzwjnxlv@example.com,64
Tlnepqio,tlnepqio@example.com,55
Kammzjbg,kammzjbg@example.com,20
Mhbboeem,mhbboeem@example.com,54
Agmqzbnr,agmqzbnr@example.com,20
Vdnlcswx,vdnlcswx@example.com,49
Rsjbovtx,rsjbovtx@example.com,52
Dwdpyzgn,dwdpyzgn@example.com,34
Odiutcgm,odiutcgm@example.com,50
Yvqlomyg,yvqlomyg@example.com,37
Kmusdssx,kmusdssx@example.com,64
Pnuqtsfr,pnuqtsfr@example.com,40
Hxrrhigc,hxrrhigc@example.com,54
Rjhvneqx,rjhvneqx@example.com,18
Tmpeyrzl,tmpeyrzl@example.com,21
Bzzxnakd,bzzxnakd@example.com,18
Cuxkdorm,cuxkdorm@example.com,55
Jfqwxufw,jfqwxufw@example.com,40
Hbpimgfq,hbpimgfq@example.com,48
Zkydotxj,zkydotxj@example.com,26
Oppkhqpl,oppkhqpl@example.com,57
Przarezj,przarezj@example.com,19
Gqupnaaa,gqupnaaa@example.com,52
Gsfyumqe,gsfyumqe@example.com,45
Qsbttxfj,qsbttxfj@example.com,47
Znkavroy,znkavroy@example.com,33
Epipeadf,epipeadf@example.com,28
Cjjwvpdx,cjjwvpdx@example.com,21
Vvtkykxu,vvtkykxu@example.com,64
Vxftukok,vxftukok@example.com,56
Txlbhkap,txlbhkap@example.com,65
Hzutxsjf,hzutxsjf@example.com,40
Vaxbyucb,vaxbyucb@example.com,40
Ytbtyxln,ytbtyxln@example.com,62
Vlyvzhvo,vlyvzhvo@example.com,61
Qafxlcli,qafxlcli@example.com,28
Jrocflkz,jrocflkz@example.com,48
Mbbaroze,mbbaroze@example.com,36
Cmycntzc,cmycntzc@example.com,59
Dovtihwq,dovtihwq@example.com,30
Lipevpgt,lipevpgt@example.com,54
Ffkiqrzn,ffkiqrzn@example.com,36
Rgigvvvv,rgigvvvv@example.com,27
Qmtbddyw,qmtbddyw@example.com,26
Qzmeagxl,qzmeagxl@example.com,44
Qlumtqhd,qlumtqhd@example.com,60
Plqmlpul,plqmlpul@example.com,30
Yhixoklg,yhixoklg@example.com,24
Xwqdxgdz,xwqdxgdz@example.com,34
Wsfcachi,wsfcachi@example.com,45
Ctxxpfes,ctxxpfes@example.com,52
Swguzred,swguzred@example.com,41
Tcnvdygj,tcnvdygj@example.com,45
Zyvzywuo,zyvzywuo@example.com,37
Dpufbapv,dpufbapv@example.com,35
Pntpolzz,pntpolzz@example.com,40
Oleyywsl,oleyywsl@example.com,34
Jlijgzzh,jlijgzzh@example.com,24
Zqdcnwpa,zqdcnwpa@example.com,24
Vloamgmf,vloamgmf@example.com,22
Dvamybmo,dvamybmo@example.com,65
Dnkdrxsq,dnkdrxsq@example.com,46
Pzcjxhne,pzcjxhne@example.com,48
Mjeowbkx,mjeowbkx@example.com,19
Hbtbzood,hbtbzood@example.com,47
Tognwlny,tognwlny@example.com,21
Ymdjmrdc,ymdjmrdc@example.com,26
Ayiushnq,ayiushnq@example.com,57
Drnervwf,drnervwf@example.com,38
Pdctfxtx,pdctfxtx@example.com,49
Tijnbfnv,tijnbfnv@example.com,39
Vkjujnln,vkjujnln@example.com,31
Gcopjbog,gcopjbog@example.com,20
Wjzvkbeq,wjzvkbeq@example.com,29
Zvghshfq,zvghshfq@example.com,58
Uabofcfl,uabofcfl@example.com,42
Tsmsexsz,tsmsexsz@example.com,65
Sessjbaz,sessjbaz@example.com,31
Fdccjbbm,fdccjbbm@example.com,20
Tlyzuvfc,tlyzuvfc@example.com,42
Kusozhvt,kusozhvt@example.com,21
Nqeonfug,nqeonfug@example.com,41
Lvxehxya,lvxehxya@example.com,45
Mjjvggwj,mjjvggwj@example.com,54
Aakwuzeo,aakwuzeo@example.com,21
Waxuvyya,waxuvyya@example.com,21
Abxmqmos,abxmqmos@example.com,25
Ysrvszou,ysrvszou@example.com,29
Audjqjvm,audjqjvm@example.com,31
Moomsntj,moomsntj@example.com,25
Cxwkivjb,cxwkivjb@example.com,32
Zqraymwc,zqraymwc@example.com,19
Yizxjtsk,yizxjtsk@example.com,18
Fbzldslj,fbzldslj@example.com,41
Gfhjmmsp,gfhjmmsp@example.com,27
Ylahhrsm,ylahhrsm@example.com,53
Qxavfnhn,qxavfnhn@example.com,59
Iiadetoy,iiadetoy@example.com,24
Itzptnbs,itzptnbs@example.com,53
Evopynzv,evopynzv@example.com,20
Ygcpfdjq,ygcpfdjq@example.com,23
Yxmwonhl,yxmwonhl@example.com,40
Nrcndbtt,nrcndbtt@example.com,35
Fhbjfnek,fhbjfnek@example.com,56
Nlfwtudz,nlfwtudz@example.com,48
Ykijulsm,ykijulsm@example.com,42
Ctbzdcty,ctbzdcty@example.com,35
Zojaxwua,zojaxwua@example.com,26
Hvblkucy,hvblkucy@example.com,25
Vrhygavo,vrhygavo@example.com,53
Lxvsbocm,lxvsbocm@example.com,24
Utzjoipq,utzjoipq@example.com,51
Zcrpbtqe,zcrpbtqe@example.com,50
Hgexcmgi,hgexcmgi@example.com,34
Mxkojctx,mxkojctx@example.com,39
Wbphhnwo,wbphhnwo@example.com,44
Sqklpltd,sqklpltd@example.com,47
Kteetzfr,kteetzfr@example.com,41
Aunkvvef,aunkvvef@example.com,50
Xxagnlpn,xxagnlpn@example.com,23
Ftufbwqq,ftufbwqq@example.com,26
Nxoijvoz,nxoijvoz@example.com,25
Ywiolmcc,ywiolmcc@example.com,34
Qwhegrlj,qwhegrlj@example.com,60
Vajtknxj,vajtknxj@example.com,48
Fpcrfvfp,fpcrfvfp@example.com,23
Spnwhntr,spnwhntr@example.com,55
Iwefvfed,iwefvfed@example.com,47
Vmmdwqaq,vmmdwqaq@example.com,20
Daviigmu,daviigmu@example.com,48
Avfvaxyc,avfvaxyc@example.com,45
Myaeswyw,myaeswyw@example.com,31
Xgpfjmdp,xgpfjmdp@example.com,43
Jicpdpsz,jicpdpsz@example.com,58
Lhceilbd,lhceilbd@example.com,46
Oaytywdi,oaytywdi@example.com,39
Fjjnreev,fjjnreev@example.com,61
Xvqgerri,xvqgerri@example.com,41
Qlytnbjm,qlytnbjm@example.com,38
Ohgfaseg,ohgfaseg@example.com,42
Uqncdvev,uqncdvev@example.com,64
Jzkvehex,jzkvehex@example.com,23
Tzucugoh,tzucugoh@example.com,21
Gzukorob,gzukorob@example.com,23
Lrhlwzbq,lrhlwzbq@example.com,46
Pqlmpfeq,pqlmpfeq@example.com,52
Rbmcrtpl,rbmcrtpl@example.com,44
Cbsdjamx,cbsdjamx@example.com,60
Zbowxipr,zbowxipr@example.com,54
Pouhczaj,pouhczaj@example.com,59
Fwvomnhu,fwvomnhu@example.com,27
Oshwjfox,oshwjfox@example.com,45
Fmemlvvx,fmemlvvx@example.com,39
Ufppqqrg,ufppqqrg@example.com,56
Hmwpymmx,hmwpymmx@example.com,36
Hxqjdumi,hxqjdumi@example.com,55
Wxgizgfv,wxgizgfv@example.com,25
Vpmmmktg,vpmmmktg@example.com,33
Rurcapdy,rurcapdy@example.com,63
Iizuyflj,iizuyflj@example.com,34
Qvqieyht,qvqieyht@example.com,29
Wiollffa,wiollffa@example.com,50
Srlhoank,srlhoank@example.com,25
Mjqxnryw,mjqxnryw@example.com,50
Ypfgbdwz,ypfgbdwz@example.com,48
Zolgyavn,zolgyavn@example.com,48
Sofqvmpi,sofqvmpi@example.com,21
Ofetzcfz,ofetzcfz@example.com,38
Mirbbmea,mirbbmea@example.com,28
Ftjhunev,ftjhunev@example.com,58
Mwyrbuvu,mwyrbuvu@example.com,57
Cytdxuxx,cytdxuxx@example.com,49
Svhxutmb,svhxutmb@example.com,40
Lhzvvzrg,lhzvvzrg@example.com,65
Esdtkccu,esdtkccu@example.com,22
Wpasfmpa,wpasfmpa@example.com,58
Obkynjxs,obkynjxs@example.com,18
Xumonykn,xumonykn@example.com,58
Kfbblsda,kfbblsda@example.com,36
Zywnbtdx,zywnbtdx@example.com,28
Kvobdxmb,kvobdxmb@example.com,54
Tqtyfmjv,tqtyfmjv@example.com,41
Ssxtigxl,ssxtigxl@example.com,51
Xwpgpsvq,xwpgpsvq@example.com,18
Zttkchgx,zttkchgx@example.com,52
Begbjvzi,begbjvzi@example.com,32
Vgagmplc,vgagmplc@example.com,49
Odlwvrdc,odlwvrdc@example.com,45
Gmwoxnbw,gmwoxnbw@example.com,65
Jnkuluor,jnkuluor@example.com,18
Jbvyschf,jbvyschf@example.com,32
Kkxdqlke,kkxdqlke@example.com,24
Rccdmcqo,rccdmcqo@example.com,35
Gbceqssh,gbceqssh@example.com,19
Uolyzttj,uolyzttj@example.com,54
Aewqmzsg,aewqmzsg@example.com,26
Lbhjagyy,lbhjagyy@example.com,34
Xbcluqbs,xbcluqbs@example.com,21
Cfwvlvbe,cfwvlvbe@example.com,61
Xvogmfoi,xvogmfoi@example.com,44
Youohvpg,youohvpg@example.com,47
Tjzmxkzv,tjzmxkzv@example.com,52
Okhxgdrc,okhxgdrc@example.com,63
Hdncnoda,hdncnoda@example.com,39
Ktcezluv,ktcezluv@example.com,46
Wxiielxs,wxiielxs@example.com,57
Gjwjemhm,gjwjemhm@example.com,58
Czokadwh,czokadwh@example.com,19
Byqmcncb,byqmcncb@example.com,52
Bftbobqf,bftbobqf@example.com,61
Tfvhdxey,tfvhdxey@example.com,51
Andgzjka,andgzjka@example.com,35
Gkollapl,gkollapl@example.com,35
Kddmjsvb,kddmjsvb@example.com,63
Mcqxdjns,mcqxdjns@example.com,19
Cyrzxsca,cyrzxsca@example.com,20
Odnmiqhz,odnmiqhz@example.com,42
Ihvdhxxk,ihvdhxxk@example.com,20
Lppuvunc,lppuvunc@example.com,35
Zoatotrj,zoatotrj@example.com,37
Tilsnold,tilsnold@example.com,46
Kywautev,kywautev@example.com,40
Jzwudnhh,jzwudnhh@example.com,58
Luxmapua,luxmapua@example.com,25
Boqliqwu,boqliqwu@example.com,64
Lpjjhorp,lpjjhorp@example.com,63
Tanjsymu,tanjsymu@example.com,27
Nopeoauo,nopeoauo@example.com,65
Gzwjcxfd,gzwjcxfd@example.com,47
Zrgdfnya,zrgdfnya@example.com,59
Wczxhxib,wczxhxib@example.com,64
Twzvjeer,twzvjeer@example.com,38
Suwntxvu,suwntxvu@example.com,53
Wkaygvqv,wkaygvqv@example.com,51
Wgekifvw,wgekifvw@example.com,63
Mqmfvpai,mqmfvpai@example.com,38
Crgnoclt,crgnoclt@example.com,56
Pzbtjmho,pzbtjmho@example.com,55
Lodwjrzs,lodwjrzs@example.com,31
Oohndkge,oohndkge@example.com,61
Pifwgeop,pifwgeop@example.com,22
Hvblzjvf,hvblzjvf@example.com,54
Ptzoicfa,ptzoicfa@example.com,61
Zwbyrlgz,zwbyrlgz@example.com,62
Zofecmqc,zofecmqc@example.com,58
Xjljpiaq,xjljpiaq@example.com,50
Dpqrmefg,dpqrmefg@example.com,41
Dntslweh,dntslweh@example.com,35
Cntegcgj,cntegcgj@example.com,23
Wuthrxml,wuthrxml@example.com,20
Zxzuhgax,zxzuhgax@example.com,61
Xiqlrtjh,xiqlrtjh@example.com,18
Ysgxeqxp,ysgxeqxp@example.com,35
Wifbfdzk,wifbfdzk@example.com,54
Tnhaltxs,tnhaltxs@example.com,53
Dcishhqx,dcishhqx@example.com,23
Kyxuujoz,kyxuujoz@example.com,27
Cujiwhdh,cujiwhdh@example.com,19
Apublttj,apublttj@example.com,44
Hkbavlxy,hkbavlxy@example.com,42
Unszdrkt,unszdrkt@example.com,49
Iydfzfex,iydfzfex@example.com,34
Gjijvixb,gjijvixb@example.com,58
Jdmyryjv,jdmyryjv@example.com,57
Pvxwgngv,pvxwgngv@example.com,37
Pryyffih,pryyffih@example.com,63
Ravsaeaa,ravsaeaa@example.com,27
Zgdscmgi,zgdscmgi@example.com,59
Oxekoweb,oxekoweb@example.com,58
Zxyjhucj,zxyjhucj@example.com,18
Upmmlcph,upmmlcph@example.com,33
Yvriwrev,yvriwrev@example.com,34
Owkglzic,owkglzic@example.com,61
Niziymam,niziymam@example.com,45
Yedrsywj,yedrsywj@example.com,56
Oteadipr,oteadipr@example.com,27
Kxelrnyw,kxelrnyw@example.com,44
Lybaqguw,lybaqguw@example.com,25
Ewlgzkoh,ewlgzkoh@example.com,28
Ojqhvcgr,ojqhvcgr@example.com,27
Lxgldhyq,lxgldhyq@example.com,45
Ovnszzmd,ovnszzmd@example.com,39
Fjbdbokp,fjbdbokp@example.com,52
Eriwlopq,eriwlopq@example.com,62
Idfbxxyj,idfbxxyj@example.com,31
Znpxjqyf,znpxjqyf@example.com,61
Bavypvau,bavypvau@example.com,55
Cqrczczg,cqrczczg@example.com,42
Gshtrtjf,gshtrtjf@example.com,64
Eujnbbuz,eujnbbuz@example.com,50
Exprkdmv,exprkdmv@example.com,24
Sruzalqe,sruzalqe@example.com,45
Lixyrjdf,lixyrjdf@example.com,56
Farlkijw,farlkijw@example.com,27
Fsbkzoik,fsbkzoik@example.com,19
Tvdkldwj,tvdkldwj@example.com,59
Rgxogabr,rgxogabr@example.com,45
Dgdzmoom,dgdzmoom@example.com,48
Albllsuw,albllsuw@example.com,56
Aermgckh,aermgckh@example.com,22
Vhrzebro,vhrzebro@example.com,52
Wpuxlbjx,wpuxlbjx@example.com,23
Yvseefsw,yvseefsw@example.com,45
Nfacvozp,nfacvozp@example.com,56
Apqdrlaa,apqdrlaa@example.com,40
Aduwiumm,aduwiumm@example.com,47
Uaggskdj,uaggskdj@example.com,52
Kgkowtwl,kgkowtwl@example.com,41
Osgvdecr,osgvdecr@example.com,45
Aujtdfza,aujtdfza@example.com,21
Prudmjzv,prudmjzv@example.com,40
Ppbfxdwg,ppbfxdwg@example.com,53
Gvewurzk,gvewurzk@example.com,50
Hruunxmg,hruunxmg@example.com,33
Ddmcjadw,ddmcjadw@example.com,20
Twbkoloh,twbkoloh@example.com,22
Dasxtxst,dasxtxst@example.com,55
Blurgphz,blurgphz@example.com,43
Ufsoxohn,ufsoxohn@example.com,60
Xcxtgcym,xcxtgcym@example.com,64
Jipibrlo,jipibrlo@example.com,37
Rtgikzmj,rtgikzmj@example.com,40
Uuwbekyd,uuwbekyd@example.com,24
Bvkchfnu,bvkchfnu@example.com,53
Szryjeeu,szryjeeu@example.com,37
Jryytuoh,jryytuoh@example.com,28
Gotveodr,gotveodr@example.com,52
Zvavrtfi,zvavrtfi@example.com,30
Qyenkeew,qyenkeew@example.com,41
Sacfpkiw,sacfpkiw@example.com,23
Clkvxggv,clkvxggv@example.com,51
Rziiiajj,rziiiajj@example.com,63
Hqbxnhvj,hqbxnhvj@example.com,39
Eleqlqfu,eleqlqfu@example.com,22
Rtcatxzo,rtcatxzo@example.com,58
Ftnidqdk,ftnidqdk@example.com,31
Psmzabvo,psmzabvo@example.com,24
Afmyalqf,afmyalqf@example.com,26
Udiblqna,udiblqna@example.com,42
Xxrljooe,xxrljooe@example.com,21
Flkatjhd,flkatjhd@example.com,64
Iwbdqvxh,iwbdqvxh@example.com,19
Thdjilha,thdjilha@example.com,30
Kllgpkfc,kllgpkfc@example.com,41
Wkkuxhnk,wkkuxhnk@example.com,44
Gzkplesa,gzkplesa@example.com,49
Asgsfwuf,asgsfwuf@example.com,43
Saxisuyl,saxisuyl@example.com,57
Tqvlhkwn,tqvlhkwn@example.com,58
Ixjpcyrb,ixjpcyrb@example.com,61
Zzipugna,zzipugna@example.com,55
Piezxzcs,piezxzcs@example.com,29
Wptenbxw,wptenbxw@example.com,48
Bbklxkky,bbklxkky@example.com,23
Frgsrzqw,frgsrzqw@example.com,20
Rrhkyikx,rrhkyikx@example.com,21
Qlndqnup,qlndqnup@example.com,63
Dfghxxdh,dfghxxdh@example.com,48
Fzsunpys,fzsunpys@example.com,39
Kwrejlnl,kwrejlnl@example.com,48
Rlvzouwr,rlvzouwr@example.com,18
Vmtirpib,vmtirpib@example.com,49
Mqglnigl,mqglnigl@example.com,35
Tgucptkk,tgucptkk@example.com,55
Tfgnfvwg,tfgnfvwg@example.com,37
Lbbqcwuz,lbbqcwuz@example.com,65
Srvwundq,srvwundq@example.com,37
Gbgswzbj,gbgswzbj@example.com,64
Vvrcgvjg,vvrcgvjg@example.com,43
Qpdbwcsi,qpdbwcsi@example.com,33
Tttimgbs,tttimgbs@example.com,57
Ymwphrci,ymwphrci@example.com,59
Sdboahdp,sdboahdp@example.com,58
Muojqrfo,muojqrfo@example.com,63
Paaixxna,paaixxna@example.com,43
Suuabbbx,suuabbbx@example.com,28
Qbqetalh,qbqetalh@example.com,63
Iegphfhq,iegphfhq@example.com,59
Xplbojod,xplbojod@example.com,30
Fvtjmvio,fvtjmvio@example.com,54
Umaesxjj,umaesxjj@example.com,35
Oerzankf,oerzankf@example.com,20
Wzonjpum,wzonjpum@example.com,27
Snzyhbbd,snzyhbbd@example.com,35
Zhmmrkju,zhmmrkju@example.com,62
Ysydvaax,ysydvaax@example.com,53
Zdoqtyjo,zdoqtyjo@example.com,46
Kgqsnqpz,kgqsnqpz@example.com,22
Rbzovett,rbzovett@example.com,32
Weatocyx,weatocyx@example.com,49
Rpzzwnnj,rpzzwnnj@example.com,55
Rnaynycd,rnaynycd@example.com,47
Jipxuesg,jipxuesg@example.com,26
Iecgzouk,iecgzouk@example.com,43
Gujfcfyf,gujfcfyf@example.com,36
Qxibdnpp,qxibdnpp@example.com,57
Qdsgncde,qdsgncde@example.com,18
Kogtdckn,kogtdckn@example.com,53
Wkggauwt,wkggauwt@example.com,65
Ffuzgqmo,ffuzgqmo@example.com,61
Azfxtzgl,azfxtzgl@example.com,27
Ucbshklf,ucbshklf@example.com,65
Xjxfrpdm,xjxfrpdm@example.com,18
Jdhzvdbp,jdhzvdbp@example.com,21
